"county_name","FIPS","year","median_income","pct_poverty","pct_college"
"Adams",39001,2003,34282,23.14,10.65
"Adams",39001,2004,34282,23.14,10.65
"Adams",39001,2005,34282,23.14,10.65
"Adams",39001,2006,34282,23.14,10.65
"Adams",39001,2007,34282,23.14,10.65
"Adams",39001,2008,34282,23.14,10.65
"Adams",39001,2009,34282,23.14,10.65
"Adams",39001,2010,34282,23.14,10.65
"Adams",39001,2011,34282,23.14,10.65
"Adams",39001,2012,34282,23.14,10.65
"Adams",39001,2013,35678,22.74,10.58
"Adams",39001,2014,34733,25.27,9.75
"Adams",39001,2015,35560,24.62,10.51
"Adams",39001,2016,34709,24.48,10.89
"Adams",39001,2017,36320,23.78,12.13
"Adams",39001,2018,36894,22.64,12.88
"Adams",39001,2019,39079,20.66,13.18
"Adams",39001,2020,40067,20.23,15.52
"Adams",39001,2021,44467,19.23,15.96
"Adams",39001,2022,46234,19.64,15.22
"Adams",39001,2023,49521,20.33,14.25
"Adams",39001,2024,49521,20.33,14.25
"Allen",39003,2003,43194,18.8,16.49
"Allen",39003,2004,43194,18.8,16.49
"Allen",39003,2005,43194,18.8,16.49
"Allen",39003,2006,43194,18.8,16.49
"Allen",39003,2007,43194,18.8,16.49
"Allen",39003,2008,43194,18.8,16.49
"Allen",39003,2009,43194,18.8,16.49
"Allen",39003,2010,43194,18.8,16.49
"Allen",39003,2011,43194,18.8,16.49
"Allen",39003,2012,43194,18.8,16.49
"Allen",39003,2013,42823,18.55,17.2
"Allen",39003,2014,43648,18.35,17.21
"Allen",39003,2015,44103,17.47,17.36
"Allen",39003,2016,45575,16.12,17.39
"Allen",39003,2017,47905,15.05,17.69
"Allen",39003,2018,50552,14.83,17.85
"Allen",39003,2019,53131,13.93,18.93
"Allen",39003,2020,51892,12.88,18.65
"Allen",39003,2021,55114,13.03,19.12
"Allen",39003,2022,58976,12.33,19.14
"Allen",39003,2023,62001,13.11,19.93
"Allen",39003,2024,62001,13.11,19.93
"Ashland",39005,2003,44996,16.28,19.2
"Ashland",39005,2004,44996,16.28,19.2
"Ashland",39005,2005,44996,16.28,19.2
"Ashland",39005,2006,44996,16.28,19.2
"Ashland",39005,2007,44996,16.28,19.2
"Ashland",39005,2008,44996,16.28,19.2
"Ashland",39005,2009,44996,16.28,19.2
"Ashland",39005,2010,44996,16.28,19.2
"Ashland",39005,2011,44996,16.28,19.2
"Ashland",39005,2012,44996,16.28,19.2
"Ashland",39005,2013,46548,16.27,19.29
"Ashland",39005,2014,47034,15.38,19.73
"Ashland",39005,2015,48003,14.86,20.4
"Ashland",39005,2016,48509,15.4,19.64
"Ashland",39005,2017,50893,14.19,20.2
"Ashland",39005,2018,52730,13.27,21.08
"Ashland",39005,2019,52823,13.8,20.95
"Ashland",39005,2020,55422,12.55,21.99
"Ashland",39005,2021,58168,12.38,22.2
"Ashland",39005,2022,62254,11.74,21.9
"Ashland",39005,2023,64991,13.78,22.06
"Ashland",39005,2024,64991,13.78,22.06
"Ashtabula",39007,2003,41075,18,13.02
"Ashtabula",39007,2004,41075,18,13.02
"Ashtabula",39007,2005,41075,18,13.02
"Ashtabula",39007,2006,41075,18,13.02
"Ashtabula",39007,2007,41075,18,13.02
"Ashtabula",39007,2008,41075,18,13.02
"Ashtabula",39007,2009,41075,18,13.02
"Ashtabula",39007,2010,41075,18,13.02
"Ashtabula",39007,2011,41075,18,13.02
"Ashtabula",39007,2012,41075,18,13.02
"Ashtabula",39007,2013,40516,18.75,12.65
"Ashtabula",39007,2014,40304,19.02,13.37
"Ashtabula",39007,2015,40544,20.06,13.31
"Ashtabula",39007,2016,41158,19.6,13.12
"Ashtabula",39007,2017,43017,19.81,13.38
"Ashtabula",39007,2018,44823,20.27,14.11
"Ashtabula",39007,2019,46700,19.89,14.28
"Ashtabula",39007,2020,47925,19.23,14.93
"Ashtabula",39007,2021,49680,18.9,15.08
"Ashtabula",39007,2022,53663,18.01,15.68
"Ashtabula",39007,2023,55507,18.27,15.97
"Ashtabula",39007,2024,55507,18.27,15.97
"Athens",39009,2003,33836,32.19,28.33
"Athens",39009,2004,33836,32.19,28.33
"Athens",39009,2005,33836,32.19,28.33
"Athens",39009,2006,33836,32.19,28.33
"Athens",39009,2007,33836,32.19,28.33
"Athens",39009,2008,33836,32.19,28.33
"Athens",39009,2009,33836,32.19,28.33
"Athens",39009,2010,33836,32.19,28.33
"Athens",39009,2011,33836,32.19,28.33
"Athens",39009,2012,33836,32.19,28.33
"Athens",39009,2013,33823,31.67,28.15
"Athens",39009,2014,33773,31.62,28.83
"Athens",39009,2015,33872,32.99,29.15
"Athens",39009,2016,34221,31.25,29.13
"Athens",39009,2017,37191,30.17,29.56
"Athens",39009,2018,37778,30.64,29.73
"Athens",39009,2019,40905,30.16,30.19
"Athens",39009,2020,42414,27.89,31.81
"Athens",39009,2021,47061,25.48,34.06
"Athens",39009,2022,48750,24.45,34.27
"Athens",39009,2023,53837,22.11,35.43
"Athens",39009,2024,53837,22.11,35.43
"Auglaize",39011,2003,52267,7.95,16.39
"Auglaize",39011,2004,52267,7.95,16.39
"Auglaize",39011,2005,52267,7.95,16.39
"Auglaize",39011,2006,52267,7.95,16.39
"Auglaize",39011,2007,52267,7.95,16.39
"Auglaize",39011,2008,52267,7.95,16.39
"Auglaize",39011,2009,52267,7.95,16.39
"Auglaize",39011,2010,52267,7.95,16.39
"Auglaize",39011,2011,52267,7.95,16.39
"Auglaize",39011,2012,52267,7.95,16.39
"Auglaize",39011,2013,52239,8.84,17.13
"Auglaize",39011,2014,52773,9.19,18.22
"Auglaize",39011,2015,54274,8.88,17.45
"Auglaize",39011,2016,55914,8.79,17.77
"Auglaize",39011,2017,59516,9.04,18.48
"Auglaize",39011,2018,61758,8.68,18.89
"Auglaize",39011,2019,64074,8.38,18.87
"Auglaize",39011,2020,66193,7.89,19.17
"Auglaize",39011,2021,69315,7.28,20.05
"Auglaize",39011,2022,75231,6.6,20.71
"Auglaize",39011,2023,76454,7.47,20.76
"Auglaize",39011,2024,76454,7.47,20.76
"Belmont",39013,2003,41676,14.61,13.85
"Belmont",39013,2004,41676,14.61,13.85
"Belmont",39013,2005,41676,14.61,13.85
"Belmont",39013,2006,41676,14.61,13.85
"Belmont",39013,2007,41676,14.61,13.85
"Belmont",39013,2008,41676,14.61,13.85
"Belmont",39013,2009,41676,14.61,13.85
"Belmont",39013,2010,41676,14.61,13.85
"Belmont",39013,2011,41676,14.61,13.85
"Belmont",39013,2012,41676,14.61,13.85
"Belmont",39013,2013,41534,14.56,14.41
"Belmont",39013,2014,43045,14.53,14.94
"Belmont",39013,2015,43833,14.58,15.09
"Belmont",39013,2016,44719,15.08,16.41
"Belmont",39013,2017,46484,14.12,16.13
"Belmont",39013,2018,49361,13.56,16.21
"Belmont",39013,2019,50904,12.33,16.67
"Belmont",39013,2020,51574,11.75,16.16
"Belmont",39013,2021,54191,11.26,16
"Belmont",39013,2022,56943,14.01,17.43
"Belmont",39013,2023,58411,14.27,18.72
"Belmont",39013,2024,58411,14.27,18.72
"Brown",39015,2003,45807,12.76,10.41
"Brown",39015,2004,45807,12.76,10.41
"Brown",39015,2005,45807,12.76,10.41
"Brown",39015,2006,45807,12.76,10.41
"Brown",39015,2007,45807,12.76,10.41
"Brown",39015,2008,45807,12.76,10.41
"Brown",39015,2009,45807,12.76,10.41
"Brown",39015,2010,45807,12.76,10.41
"Brown",39015,2011,45807,12.76,10.41
"Brown",39015,2012,45807,12.76,10.41
"Brown",39015,2013,44341,14.13,11.02
"Brown",39015,2014,44899,14.55,11.39
"Brown",39015,2015,45568,14.89,12.1
"Brown",39015,2016,47999,16.65,12.44
"Brown",39015,2017,49188,17.76,12.8
"Brown",39015,2018,52356,15.9,14.21
"Brown",39015,2019,54575,15.3,14.91
"Brown",39015,2020,57200,16.82,14.31
"Brown",39015,2021,59766,15.97,14.58
"Brown",39015,2022,66677,15.9,14.54
"Brown",39015,2023,69990,17.41,15.78
"Brown",39015,2024,69990,17.41,15.78
"Butler",39017,2003,56253,13.59,26.78
"Butler",39017,2004,56253,13.59,26.78
"Butler",39017,2005,56253,13.59,26.78
"Butler",39017,2006,56253,13.59,26.78
"Butler",39017,2007,56253,13.59,26.78
"Butler",39017,2008,56253,13.59,26.78
"Butler",39017,2009,56253,13.59,26.78
"Butler",39017,2010,56253,13.59,26.78
"Butler",39017,2011,56253,13.59,26.78
"Butler",39017,2012,56253,13.59,26.78
"Butler",39017,2013,56610,13.62,27.42
"Butler",39017,2014,56998,13.78,28.05
"Butler",39017,2015,57540,13.95,28.41
"Butler",39017,2016,59652,13.59,29.13
"Butler",39017,2017,62188,12.94,29.57
"Butler",39017,2018,63358,13.02,29.81
"Butler",39017,2019,66117,12.53,30.24
"Butler",39017,2020,69023,11.51,31.26
"Butler",39017,2021,72281,11.37,31.81
"Butler",39017,2022,77062,11.85,31.9
"Butler",39017,2023,81194,11.72,32.53
"Butler",39017,2024,81194,11.72,32.53
"Carroll",39019,2003,43127,15.05,11.41
"Carroll",39019,2004,43127,15.05,11.41
"Carroll",39019,2005,43127,15.05,11.41
"Carroll",39019,2006,43127,15.05,11.41
"Carroll",39019,2007,43127,15.05,11.41
"Carroll",39019,2008,43127,15.05,11.41
"Carroll",39019,2009,43127,15.05,11.41
"Carroll",39019,2010,43127,15.05,11.41
"Carroll",39019,2011,43127,15.05,11.41
"Carroll",39019,2012,43127,15.05,11.41
"Carroll",39019,2013,43779,15.51,11.02
"Carroll",39019,2014,45660,15.94,10.59
"Carroll",39019,2015,47075,15.44,11.36
"Carroll",39019,2016,48545,13.97,11.43
"Carroll",39019,2017,51748,14.79,12.35
"Carroll",39019,2018,52394,13.07,13.56
"Carroll",39019,2019,55267,12.28,13.27
"Carroll",39019,2020,52574,13.03,13.21
"Carroll",39019,2021,55954,13.22,14.1
"Carroll",39019,2022,59872,12.19,13.45
"Carroll",39019,2023,64675,12.46,14.03
"Carroll",39019,2024,64675,12.46,14.03
"Champaign",39021,2003,50214,14.79,15.16
"Champaign",39021,2004,50214,14.79,15.16
"Champaign",39021,2005,50214,14.79,15.16
"Champaign",39021,2006,50214,14.79,15.16
"Champaign",39021,2007,50214,14.79,15.16
"Champaign",39021,2008,50214,14.79,15.16
"Champaign",39021,2009,50214,14.79,15.16
"Champaign",39021,2010,50214,14.79,15.16
"Champaign",39021,2011,50214,14.79,15.16
"Champaign",39021,2012,50214,14.79,15.16
"Champaign",39021,2013,49157,13.39,16.97
"Champaign",39021,2014,49840,12.59,16.02
"Champaign",39021,2015,50974,12.37,15.54
"Champaign",39021,2016,53673,11.19,16.5
"Champaign",39021,2017,54495,11.06,16.1
"Champaign",39021,2018,57103,11.03,14.91
"Champaign",39021,2019,60112,10.15,16.08
"Champaign",39021,2020,59909,10.61,15.89
"Champaign",39021,2021,62865,10.19,16.75
"Champaign",39021,2022,70486,9.25,18.15
"Champaign",39021,2023,74239,8.2,19.11
"Champaign",39021,2024,74239,8.2,19.11
"Clark",39023,2003,43684,17.74,16.96
"Clark",39023,2004,43684,17.74,16.96
"Clark",39023,2005,43684,17.74,16.96
"Clark",39023,2006,43684,17.74,16.96
"Clark",39023,2007,43684,17.74,16.96
"Clark",39023,2008,43684,17.74,16.96
"Clark",39023,2009,43684,17.74,16.96
"Clark",39023,2010,43684,17.74,16.96
"Clark",39023,2011,43684,17.74,16.96
"Clark",39023,2012,43684,17.74,16.96
"Clark",39023,2013,43136,18.59,17.62
"Clark",39023,2014,43011,19.04,18.17
"Clark",39023,2015,43625,18.3,18.06
"Clark",39023,2016,44154,17.91,17.97
"Clark",39023,2017,46275,16.62,18.57
"Clark",39023,2018,48502,15.77,18.62
"Clark",39023,2019,50873,14.9,18.71
"Clark",39023,2020,51504,15.26,18.93
"Clark",39023,2021,54869,15.19,18.86
"Clark",39023,2022,58954,15.59,18.65
"Clark",39023,2023,60846,15.57,18.54
"Clark",39023,2024,60846,15.57,18.54
"Clermont",39025,2003,60590,10.25,25.4
"Clermont",39025,2004,60590,10.25,25.4
"Clermont",39025,2005,60590,10.25,25.4
"Clermont",39025,2006,60590,10.25,25.4
"Clermont",39025,2007,60590,10.25,25.4
"Clermont",39025,2008,60590,10.25,25.4
"Clermont",39025,2009,60590,10.25,25.4
"Clermont",39025,2010,60590,10.25,25.4
"Clermont",39025,2011,60590,10.25,25.4
"Clermont",39025,2012,60590,10.25,25.4
"Clermont",39025,2013,60365,10.19,25.61
"Clermont",39025,2014,60552,10.52,26.24
"Clermont",39025,2015,60805,10.66,27.1
"Clermont",39025,2016,61265,10.53,27.62
"Clermont",39025,2017,64183,9.81,28.31
"Clermont",39025,2018,64822,9.53,27.99
"Clermont",39025,2019,66968,8.97,28.63
"Clermont",39025,2020,69720,9.21,28.87
"Clermont",39025,2021,73013,8.94,29.47
"Clermont",39025,2022,79573,8.38,30.2
"Clermont",39025,2023,83178,8.84,31.39
"Clermont",39025,2024,83178,8.84,31.39
"Clinton",39027,2003,46443,15.4,13.93
"Clinton",39027,2004,46443,15.4,13.93
"Clinton",39027,2005,46443,15.4,13.93
"Clinton",39027,2006,46443,15.4,13.93
"Clinton",39027,2007,46443,15.4,13.93
"Clinton",39027,2008,46443,15.4,13.93
"Clinton",39027,2009,46443,15.4,13.93
"Clinton",39027,2010,46443,15.4,13.93
"Clinton",39027,2011,46443,15.4,13.93
"Clinton",39027,2012,46443,15.4,13.93
"Clinton",39027,2013,46048,16.5,14.45
"Clinton",39027,2014,45909,16.9,15.2
"Clinton",39027,2015,46787,15.85,15.82
"Clinton",39027,2016,48675,15.2,16.49
"Clinton",39027,2017,49997,14.71,17.45
"Clinton",39027,2018,51354,13.03,18.66
"Clinton",39027,2019,52815,14.8,18.92
"Clinton",39027,2020,54683,14.39,20.03
"Clinton",39027,2021,57409,13.98,20.06
"Clinton",39027,2022,64210,14.46,20.61
"Clinton",39027,2023,68125,14.77,20.06
"Clinton",39027,2024,68125,14.77,20.06
"Columbiana",39029,2003,41870,16.08,12.96
"Columbiana",39029,2004,41870,16.08,12.96
"Columbiana",39029,2005,41870,16.08,12.96
"Columbiana",39029,2006,41870,16.08,12.96
"Columbiana",39029,2007,41870,16.08,12.96
"Columbiana",39029,2008,41870,16.08,12.96
"Columbiana",39029,2009,41870,16.08,12.96
"Columbiana",39029,2010,41870,16.08,12.96
"Columbiana",39029,2011,41870,16.08,12.96
"Columbiana",39029,2012,41870,16.08,12.96
"Columbiana",39029,2013,42300,16.85,12.63
"Columbiana",39029,2014,43707,16.21,13.62
"Columbiana",39029,2015,44497,15.43,13.91
"Columbiana",39029,2016,45389,15.76,13.94
"Columbiana",39029,2017,45498,15.42,13.9
"Columbiana",39029,2018,46306,14.62,14.83
"Columbiana",39029,2019,48345,14.31,14.86
"Columbiana",39029,2020,49407,13.81,14.54
"Columbiana",39029,2021,51664,12.94,15.66
"Columbiana",39029,2022,55473,13.18,16.48
"Columbiana",39029,2023,58474,13.85,16.04
"Columbiana",39029,2024,58474,13.85,16.04
"Coshocton",39031,2003,41885,16.99,11.8
"Coshocton",39031,2004,41885,16.99,11.8
"Coshocton",39031,2005,41885,16.99,11.8
"Coshocton",39031,2006,41885,16.99,11.8
"Coshocton",39031,2007,41885,16.99,11.8
"Coshocton",39031,2008,41885,16.99,11.8
"Coshocton",39031,2009,41885,16.99,11.8
"Coshocton",39031,2010,41885,16.99,11.8
"Coshocton",39031,2011,41885,16.99,11.8
"Coshocton",39031,2012,41885,16.99,11.8
"Coshocton",39031,2013,41274,16.92,12.28
"Coshocton",39031,2014,41569,18.12,12.15
"Coshocton",39031,2015,41701,16.09,12.15
"Coshocton",39031,2016,43380,13.98,12.06
"Coshocton",39031,2017,43251,15.01,12.62
"Coshocton",39031,2018,44491,16.37,12.47
"Coshocton",39031,2019,46606,14.37,13.16
"Coshocton",39031,2020,48552,17.36,14.89
"Coshocton",39031,2021,49297,19.11,17.06
"Coshocton",39031,2022,52048,18.86,16.5
"Coshocton",39031,2023,54687,18.79,16.75
"Coshocton",39031,2024,54687,18.79,16.75
"Crawford",39033,2003,41877,14.68,11.22
"Crawford",39033,2004,41877,14.68,11.22
"Crawford",39033,2005,41877,14.68,11.22
"Crawford",39033,2006,41877,14.68,11.22
"Crawford",39033,2007,41877,14.68,11.22
"Crawford",39033,2008,41877,14.68,11.22
"Crawford",39033,2009,41877,14.68,11.22
"Crawford",39033,2010,41877,14.68,11.22
"Crawford",39033,2011,41877,14.68,11.22
"Crawford",39033,2012,41877,14.68,11.22
"Crawford",39033,2013,40783,16.56,11.82
"Crawford",39033,2014,41377,16.28,12.55
"Crawford",39033,2015,40795,16.43,12.62
"Crawford",39033,2016,40563,15.72,12.67
"Crawford",39033,2017,41726,16.25,14.66
"Crawford",39033,2018,42892,14.96,14.81
"Crawford",39033,2019,44971,14.95,14.38
"Crawford",39033,2020,46391,13.58,15.33
"Crawford",39033,2021,48449,14.1,15.65
"Crawford",39033,2022,52486,14.06,14.77
"Crawford",39033,2023,55477,13.2,15.5
"Crawford",39033,2024,55477,13.2,15.5
"Cuyahoga",39035,2003,43861,17.66,29.06
"Cuyahoga",39035,2004,43861,17.66,29.06
"Cuyahoga",39035,2005,43861,17.66,29.06
"Cuyahoga",39035,2006,43861,17.66,29.06
"Cuyahoga",39035,2007,43861,17.66,29.06
"Cuyahoga",39035,2008,43861,17.66,29.06
"Cuyahoga",39035,2009,43861,17.66,29.06
"Cuyahoga",39035,2010,43861,17.66,29.06
"Cuyahoga",39035,2011,43861,17.66,29.06
"Cuyahoga",39035,2012,43861,17.66,29.06
"Cuyahoga",39035,2013,43804,18.33,29.73
"Cuyahoga",39035,2014,44203,18.54,30.32
"Cuyahoga",39035,2015,44190,18.74,30.51
"Cuyahoga",39035,2016,45289,18.48,30.89
"Cuyahoga",39035,2017,46720,18.3,31.47
"Cuyahoga",39035,2018,48435,18.08,31.9
"Cuyahoga",39035,2019,50366,17.46,32.53
"Cuyahoga",39035,2020,51741,17.1,33.45
"Cuyahoga",39035,2021,55109,16.71,34.37
"Cuyahoga",39035,2022,60074,16.5,35.18
"Cuyahoga",39035,2023,62823,16.2,35.92
"Cuyahoga",39035,2024,62823,16.2,35.92
"Darke",39037,2003,44311,11.97,11.47
"Darke",39037,2004,44311,11.97,11.47
"Darke",39037,2005,44311,11.97,11.47
"Darke",39037,2006,44311,11.97,11.47
"Darke",39037,2007,44311,11.97,11.47
"Darke",39037,2008,44311,11.97,11.47
"Darke",39037,2009,44311,11.97,11.47
"Darke",39037,2010,44311,11.97,11.47
"Darke",39037,2011,44311,11.97,11.47
"Darke",39037,2012,44311,11.97,11.47
"Darke",39037,2013,43425,13.67,11.91
"Darke",39037,2014,43323,13.93,11.6
"Darke",39037,2015,44632,13.26,12.33
"Darke",39037,2016,47043,12.35,13.09
"Darke",39037,2017,50064,11.59,14.22
"Darke",39037,2018,52691,10.08,14.67
"Darke",39037,2019,55620,10.51,15.79
"Darke",39037,2020,54799,10.95,15.41
"Darke",39037,2021,57440,10.43,16.68
"Darke",39037,2022,60237,11.05,16.3
"Darke",39037,2023,64654,11.22,16.48
"Darke",39037,2024,64654,11.22,16.48
"Defiance",39039,2003,46377,14.58,16.43
"Defiance",39039,2004,46377,14.58,16.43
"Defiance",39039,2005,46377,14.58,16.43
"Defiance",39039,2006,46377,14.58,16.43
"Defiance",39039,2007,46377,14.58,16.43
"Defiance",39039,2008,46377,14.58,16.43
"Defiance",39039,2009,46377,14.58,16.43
"Defiance",39039,2010,46377,14.58,16.43
"Defiance",39039,2011,46377,14.58,16.43
"Defiance",39039,2012,46377,14.58,16.43
"Defiance",39039,2013,47593,13.94,16.45
"Defiance",39039,2014,48853,13.51,16.28
"Defiance",39039,2015,50663,13.4,16.7
"Defiance",39039,2016,50822,13.6,15.75
"Defiance",39039,2017,55295,10.96,16.2
"Defiance",39039,2018,57665,10.75,16.68
"Defiance",39039,2019,59931,10.18,17.95
"Defiance",39039,2020,62110,10.02,18.45
"Defiance",39039,2021,65779,9.54,19.17
"Defiance",39039,2022,69302,10.52,18.92
"Defiance",39039,2023,73615,9.97,20.12
"Defiance",39039,2024,73615,9.97,20.12
"Delaware",39041,2003,90499,4.74,49.84
"Delaware",39041,2004,90499,4.74,49.84
"Delaware",39041,2005,90499,4.74,49.84
"Delaware",39041,2006,90499,4.74,49.84
"Delaware",39041,2007,90499,4.74,49.84
"Delaware",39041,2008,90499,4.74,49.84
"Delaware",39041,2009,90499,4.74,49.84
"Delaware",39041,2010,90499,4.74,49.84
"Delaware",39041,2011,90499,4.74,49.84
"Delaware",39041,2012,90499,4.74,49.84
"Delaware",39041,2013,89757,4.9,50.45
"Delaware",39041,2014,91936,4.9,51.12
"Delaware",39041,2015,91955,4.54,51.83
"Delaware",39041,2016,94234,4.85,52.46
"Delaware",39041,2017,100229,5.06,53.78
"Delaware",39041,2018,104322,4.55,54.35
"Delaware",39041,2019,106908,4.81,54.32
"Delaware",39041,2020,111411,4.79,55.53
"Delaware",39041,2021,116284,4.6,57.06
"Delaware",39041,2022,123995,4.53,57.44
"Delaware",39041,2023,130088,5.05,58.04
"Delaware",39041,2024,130088,5.05,58.04
"Erie",39043,2003,46906,12.88,20.26
"Erie",39043,2004,46906,12.88,20.26
"Erie",39043,2005,46906,12.88,20.26
"Erie",39043,2006,46906,12.88,20.26
"Erie",39043,2007,46906,12.88,20.26
"Erie",39043,2008,46906,12.88,20.26
"Erie",39043,2009,46906,12.88,20.26
"Erie",39043,2010,46906,12.88,20.26
"Erie",39043,2011,46906,12.88,20.26
"Erie",39043,2012,46906,12.88,20.26
"Erie",39043,2013,46498,13.34,21.04
"Erie",39043,2014,48204,12.7,21.09
"Erie",39043,2015,48011,12.42,21.25
"Erie",39043,2016,48276,12.82,21.59
"Erie",39043,2017,51033,12.98,22.36
"Erie",39043,2018,52270,11.98,22.74
"Erie",39043,2019,54226,11.69,23.15
"Erie",39043,2020,58408,11.94,24.9
"Erie",39043,2021,60149,12.07,25.2
"Erie",39043,2022,65171,11.47,26.47
"Erie",39043,2023,68431,12.53,27.93
"Erie",39043,2024,68431,12.53,27.93
"Fairfield",39045,2003,58971,11.4,25.81
"Fairfield",39045,2004,58971,11.4,25.81
"Fairfield",39045,2005,58971,11.4,25.81
"Fairfield",39045,2006,58971,11.4,25.81
"Fairfield",39045,2007,58971,11.4,25.81
"Fairfield",39045,2008,58971,11.4,25.81
"Fairfield",39045,2009,58971,11.4,25.81
"Fairfield",39045,2010,58971,11.4,25.81
"Fairfield",39045,2011,58971,11.4,25.81
"Fairfield",39045,2012,58971,11.4,25.81
"Fairfield",39045,2013,58786,11.85,25.97
"Fairfield",39045,2014,60704,10.88,26.21
"Fairfield",39045,2015,60567,10.34,25.98
"Fairfield",39045,2016,61473,10.2,26.41
"Fairfield",39045,2017,63424,9.95,26.63
"Fairfield",39045,2018,66175,9.44,27.2
"Fairfield",39045,2019,67609,9.2,27.56
"Fairfield",39045,2020,70906,8.96,28.99
"Fairfield",39045,2021,77241,8.61,30.2
"Fairfield",39045,2022,82969,8.71,31.09
"Fairfield",39045,2023,87069,8.19,31.91
"Fairfield",39045,2024,87069,8.19,31.91
"Fayette",39047,2003,38864,19.29,13.37
"Fayette",39047,2004,38864,19.29,13.37
"Fayette",39047,2005,38864,19.29,13.37
"Fayette",39047,2006,38864,19.29,13.37
"Fayette",39047,2007,38864,19.29,13.37
"Fayette",39047,2008,38864,19.29,13.37
"Fayette",39047,2009,38864,19.29,13.37
"Fayette",39047,2010,38864,19.29,13.37
"Fayette",39047,2011,38864,19.29,13.37
"Fayette",39047,2012,38864,19.29,13.37
"Fayette",39047,2013,37619,20.1,13.69
"Fayette",39047,2014,40576,18.25,13.81
"Fayette",39047,2015,40503,18.45,14.05
"Fayette",39047,2016,41954,18.57,14.51
"Fayette",39047,2017,44289,17.65,15.76
"Fayette",39047,2018,46478,16.99,16.13
"Fayette",39047,2019,47308,16.2,16.26
"Fayette",39047,2020,48637,15.68,15.24
"Fayette",39047,2021,52964,16.13,14.72
"Fayette",39047,2022,56773,15.81,13.74
"Fayette",39047,2023,60047,16.04,13.84
"Fayette",39047,2024,60047,16.04,13.84
"Franklin",39049,2003,50700,17.74,35.99
"Franklin",39049,2004,50700,17.74,35.99
"Franklin",39049,2005,50700,17.74,35.99
"Franklin",39049,2006,50700,17.74,35.99
"Franklin",39049,2007,50700,17.74,35.99
"Franklin",39049,2008,50700,17.74,35.99
"Franklin",39049,2009,50700,17.74,35.99
"Franklin",39049,2010,50700,17.74,35.99
"Franklin",39049,2011,50700,17.74,35.99
"Franklin",39049,2012,50700,17.74,35.99
"Franklin",39049,2013,50877,18.05,36.38
"Franklin",39049,2014,51890,17.98,36.71
"Franklin",39049,2015,52341,17.54,37.57
"Franklin",39049,2016,54037,17.05,38.35
"Franklin",39049,2017,56319,16.66,38.67
"Franklin",39049,2018,58762,16.3,39.28
"Franklin",39049,2019,61305,15.71,40.05
"Franklin",39049,2020,62352,15.11,40.36
"Franklin",39049,2021,65999,14.66,41.2
"Franklin",39049,2022,71070,14.53,41.69
"Franklin",39049,2023,73795,14.54,41.97
"Franklin",39049,2024,73795,14.54,41.97
"Fulton",39051,2003,53039,10.34,16.72
"Fulton",39051,2004,53039,10.34,16.72
"Fulton",39051,2005,53039,10.34,16.72
"Fulton",39051,2006,53039,10.34,16.72
"Fulton",39051,2007,53039,10.34,16.72
"Fulton",39051,2008,53039,10.34,16.72
"Fulton",39051,2009,53039,10.34,16.72
"Fulton",39051,2010,53039,10.34,16.72
"Fulton",39051,2011,53039,10.34,16.72
"Fulton",39051,2012,53039,10.34,16.72
"Fulton",39051,2013,52856,11.38,16.27
"Fulton",39051,2014,52872,11.96,16.72
"Fulton",39051,2015,55120,10.78,17.22
"Fulton",39051,2016,55860,11.18,17.02
"Fulton",39051,2017,57774,10.59,17.28
"Fulton",39051,2018,60231,9.4,17.17
"Fulton",39051,2019,63092,7.85,17.64
"Fulton",39051,2020,61290,8.82,17.05
"Fulton",39051,2021,65418,8.84,17.61
"Fulton",39051,2022,71453,8.49,18.28
"Fulton",39051,2023,72866,8.68,18.84
"Fulton",39051,2024,72866,8.68,18.84
"Gallia",39053,2003,39399,18.97,15.26
"Gallia",39053,2004,39399,18.97,15.26
"Gallia",39053,2005,39399,18.97,15.26
"Gallia",39053,2006,39399,18.97,15.26
"Gallia",39053,2007,39399,18.97,15.26
"Gallia",39053,2008,39399,18.97,15.26
"Gallia",39053,2009,39399,18.97,15.26
"Gallia",39053,2010,39399,18.97,15.26
"Gallia",39053,2011,39399,18.97,15.26
"Gallia",39053,2012,39399,18.97,15.26
"Gallia",39053,2013,39226,17.7,15.18
"Gallia",39053,2014,37494,19.91,14.72
"Gallia",39053,2015,37319,20.89,15.11
"Gallia",39053,2016,39423,21.44,15.45
"Gallia",39053,2017,42002,20.92,16.22
"Gallia",39053,2018,42113,22.51,15.31
"Gallia",39053,2019,44858,20.7,15.89
"Gallia",39053,2020,48975,17.46,17.39
"Gallia",39053,2021,50773,16.42,17.25
"Gallia",39053,2022,55533,17.16,18.17
"Gallia",39053,2023,56455,14.81,17.9
"Gallia",39053,2024,56455,14.81,17.9
"Geauga",39055,2003,66127,8.33,34.78
"Geauga",39055,2004,66127,8.33,34.78
"Geauga",39055,2005,66127,8.33,34.78
"Geauga",39055,2006,66127,8.33,34.78
"Geauga",39055,2007,66127,8.33,34.78
"Geauga",39055,2008,66127,8.33,34.78
"Geauga",39055,2009,66127,8.33,34.78
"Geauga",39055,2010,66127,8.33,34.78
"Geauga",39055,2011,66127,8.33,34.78
"Geauga",39055,2012,66127,8.33,34.78
"Geauga",39055,2013,67663,8.07,35.93
"Geauga",39055,2014,70487,7.91,36.04
"Geauga",39055,2015,72430,7.49,37
"Geauga",39055,2016,74165,6.87,37.27
"Geauga",39055,2017,77104,6.53,37.95
"Geauga",39055,2018,79956,6.07,38.15
"Geauga",39055,2019,82303,5.75,38.01
"Geauga",39055,2020,83730,5.91,37.78
"Geauga",39055,2021,90285,5.83,38.42
"Geauga",39055,2022,97162,5.85,39.35
"Geauga",39055,2023,100783,5.81,38.72
"Geauga",39055,2024,100783,5.81,38.72
"Greene",39057,2003,57992,13.35,35.37
"Greene",39057,2004,57992,13.35,35.37
"Greene",39057,2005,57992,13.35,35.37
"Greene",39057,2006,57992,13.35,35.37
"Greene",39057,2007,57992,13.35,35.37
"Greene",39057,2008,57992,13.35,35.37
"Greene",39057,2009,57992,13.35,35.37
"Greene",39057,2010,57992,13.35,35.37
"Greene",39057,2011,57992,13.35,35.37
"Greene",39057,2012,57992,13.35,35.37
"Greene",39057,2013,58080,13.86,36.01
"Greene",39057,2014,58775,14.29,36.91
"Greene",39057,2015,60113,13.6,37.14
"Greene",39057,2016,61116,12.84,37.65
"Greene",39057,2017,65032,12.25,38.75
"Greene",39057,2018,67109,12.18,38.99
"Greene",39057,2019,68720,11.6,39.2
"Greene",39057,2020,70055,10.95,39.65
"Greene",39057,2021,75901,10.85,41.13
"Greene",39057,2022,81243,10.6,41.19
"Greene",39057,2023,85218,9.78,41.29
"Greene",39057,2024,85218,9.78,41.29
"Guernsey",39059,2003,39293,18.49,12.69
"Guernsey",39059,2004,39293,18.49,12.69
"Guernsey",39059,2005,39293,18.49,12.69
"Guernsey",39059,2006,39293,18.49,12.69
"Guernsey",39059,2007,39293,18.49,12.69
"Guernsey",39059,2008,39293,18.49,12.69
"Guernsey",39059,2009,39293,18.49,12.69
"Guernsey",39059,2010,39293,18.49,12.69
"Guernsey",39059,2011,39293,18.49,12.69
"Guernsey",39059,2012,39293,18.49,12.69
"Guernsey",39059,2013,38841,20.29,12.94
"Guernsey",39059,2014,40420,18.69,13.21
"Guernsey",39059,2015,40930,19.92,13.46
"Guernsey",39059,2016,41566,19.85,13.65
"Guernsey",39059,2017,42744,20.25,13.93
"Guernsey",39059,2018,43975,20.2,14.16
"Guernsey",39059,2019,45917,19.88,14.6
"Guernsey",39059,2020,46352,19,15.08
"Guernsey",39059,2021,48434,18.37,14.76
"Guernsey",39059,2022,53901,16.98,14.93
"Guernsey",39059,2023,55756,15.77,15.35
"Guernsey",39059,2024,55756,15.77,15.35
"Hamilton",39061,2003,49104,17.1,33.16
"Hamilton",39061,2004,49104,17.1,33.16
"Hamilton",39061,2005,49104,17.1,33.16
"Hamilton",39061,2006,49104,17.1,33.16
"Hamilton",39061,2007,49104,17.1,33.16
"Hamilton",39061,2008,49104,17.1,33.16
"Hamilton",39061,2009,49104,17.1,33.16
"Hamilton",39061,2010,49104,17.1,33.16
"Hamilton",39061,2011,49104,17.1,33.16
"Hamilton",39061,2012,49104,17.1,33.16
"Hamilton",39061,2013,48593,17.96,33.66
"Hamilton",39061,2014,48927,18.44,34.32
"Hamilton",39061,2015,49013,18.28,34.97
"Hamilton",39061,2016,50399,17.81,35.6
"Hamilton",39061,2017,52389,17,36.29
"Hamilton",39061,2018,54976,16.23,37.13
"Hamilton",39061,2019,57212,15.76,37.92
"Hamilton",39061,2020,59190,14.84,38.88
"Hamilton",39061,2021,63080,14.88,39.64
"Hamilton",39061,2022,68249,14.88,40.32
"Hamilton",39061,2023,70816,14.86,41.36
"Hamilton",39061,2024,70816,14.86,41.36
"Hancock",39063,2003,49350,13.57,24.63
"Hancock",39063,2004,49350,13.57,24.63
"Hancock",39063,2005,49350,13.57,24.63
"Hancock",39063,2006,49350,13.57,24.63
"Hancock",39063,2007,49350,13.57,24.63
"Hancock",39063,2008,49350,13.57,24.63
"Hancock",39063,2009,49350,13.57,24.63
"Hancock",39063,2010,49350,13.57,24.63
"Hancock",39063,2011,49350,13.57,24.63
"Hancock",39063,2012,49350,13.57,24.63
"Hancock",39063,2013,49589,14,25.66
"Hancock",39063,2014,50166,14.85,24.95
"Hancock",39063,2015,50895,13.95,25.81
"Hancock",39063,2016,51604,13.47,25.84
"Hancock",39063,2017,52831,12.15,27.13
"Hancock",39063,2018,55644,11.62,26.67
"Hancock",39063,2019,58450,10.78,27.06
"Hancock",39063,2020,57384,10.36,27.58
"Hancock",39063,2021,60828,11.06,28.02
"Hancock",39063,2022,67006,10.54,28.5
"Hancock",39063,2023,69699,10.27,29.73
"Hancock",39063,2024,69699,10.27,29.73
"Hardin",39065,2003,40732,18.02,13.98
"Hardin",39065,2004,40732,18.02,13.98
"Hardin",39065,2005,40732,18.02,13.98
"Hardin",39065,2006,40732,18.02,13.98
"Hardin",39065,2007,40732,18.02,13.98
"Hardin",39065,2008,40732,18.02,13.98
"Hardin",39065,2009,40732,18.02,13.98
"Hardin",39065,2010,40732,18.02,13.98
"Hardin",39065,2011,40732,18.02,13.98
"Hardin",39065,2012,40732,18.02,13.98
"Hardin",39065,2013,40415,18.13,13.42
"Hardin",39065,2014,42670,18.94,14.5
"Hardin",39065,2015,42703,18.68,13.52
"Hardin",39065,2016,44842,15.63,14.4
"Hardin",39065,2017,46404,16.58,15.5
"Hardin",39065,2018,48773,16.74,16.56
"Hardin",39065,2019,50506,13.89,16.21
"Hardin",39065,2020,50214,14.32,16.01
"Hardin",39065,2021,52112,17.83,16.44
"Hardin",39065,2022,55876,18.16,18.48
"Hardin",39065,2023,58001,18.19,18.88
"Hardin",39065,2024,58001,18.19,18.88
"Harrison",39067,2003,37088,19.4,7.83
"Harrison",39067,2004,37088,19.4,7.83
"Harrison",39067,2005,37088,19.4,7.83
"Harrison",39067,2006,37088,19.4,7.83
"Harrison",39067,2007,37088,19.4,7.83
"Harrison",39067,2008,37088,19.4,7.83
"Harrison",39067,2009,37088,19.4,7.83
"Harrison",39067,2010,37088,19.4,7.83
"Harrison",39067,2011,37088,19.4,7.83
"Harrison",39067,2012,37088,19.4,7.83
"Harrison",39067,2013,39002,18.37,9.18
"Harrison",39067,2014,41819,17.91,9.45
"Harrison",39067,2015,43173,17.32,8.65
"Harrison",39067,2016,44000,18.09,9.67
"Harrison",39067,2017,46223,15.69,10.89
"Harrison",39067,2018,48462,16.99,10.09
"Harrison",39067,2019,49689,16,11.57
"Harrison",39067,2020,49454,16.34,12.37
"Harrison",39067,2021,51993,14.84,12.24
"Harrison",39067,2022,54056,15.43,11.68
"Harrison",39067,2023,53851,14.56,12.98
"Harrison",39067,2024,53851,14.56,12.98
"Henry",39069,2003,49423,12.49,13.31
"Henry",39069,2004,49423,12.49,13.31
"Henry",39069,2005,49423,12.49,13.31
"Henry",39069,2006,49423,12.49,13.31
"Henry",39069,2007,49423,12.49,13.31
"Henry",39069,2008,49423,12.49,13.31
"Henry",39069,2009,49423,12.49,13.31
"Henry",39069,2010,49423,12.49,13.31
"Henry",39069,2011,49423,12.49,13.31
"Henry",39069,2012,49423,12.49,13.31
"Henry",39069,2013,49439,13.45,13.78
"Henry",39069,2014,52526,12.66,14.78
"Henry",39069,2015,53835,11.43,16.08
"Henry",39069,2016,54941,10.17,16.04
"Henry",39069,2017,58070,9.05,17.41
"Henry",39069,2018,59083,9.68,18.02
"Henry",39069,2019,59695,8.41,17.16
"Henry",39069,2020,60425,8.21,17.63
"Henry",39069,2021,64513,9.72,17.66
"Henry",39069,2022,71616,9.51,18.14
"Henry",39069,2023,79267,8.43,18.67
"Henry",39069,2024,79267,8.43,18.67
"Highland",39071,2003,39641,17.58,11.08
"Highland",39071,2004,39641,17.58,11.08
"Highland",39071,2005,39641,17.58,11.08
"Highland",39071,2006,39641,17.58,11.08
"Highland",39071,2007,39641,17.58,11.08
"Highland",39071,2008,39641,17.58,11.08
"Highland",39071,2009,39641,17.58,11.08
"Highland",39071,2010,39641,17.58,11.08
"Highland",39071,2011,39641,17.58,11.08
"Highland",39071,2012,39641,17.58,11.08
"Highland",39071,2013,39091,19.53,11.41
"Highland",39071,2014,39855,20.28,11.2
"Highland",39071,2015,39858,20.21,12.13
"Highland",39071,2016,40593,20.74,12
"Highland",39071,2017,42333,21.6,12.35
"Highland",39071,2018,43297,20.87,12.58
"Highland",39071,2019,44169,19.39,13.44
"Highland",39071,2020,47973,18.96,13.8
"Highland",39071,2021,52376,16.69,14.08
"Highland",39071,2022,60522,14.85,15.18
"Highland",39071,2023,62008,14.42,15.6
"Highland",39071,2024,62008,14.42,15.6
"Hocking",39073,2003,40556,16.72,12.79
"Hocking",39073,2004,40556,16.72,12.79
"Hocking",39073,2005,40556,16.72,12.79
"Hocking",39073,2006,40556,16.72,12.79
"Hocking",39073,2007,40556,16.72,12.79
"Hocking",39073,2008,40556,16.72,12.79
"Hocking",39073,2009,40556,16.72,12.79
"Hocking",39073,2010,40556,16.72,12.79
"Hocking",39073,2011,40556,16.72,12.79
"Hocking",39073,2012,40556,16.72,12.79
"Hocking",39073,2013,42089,15.92,12.7
"Hocking",39073,2014,42792,16.83,13.71
"Hocking",39073,2015,42170,17.36,15.06
"Hocking",39073,2016,43382,16.63,14.14
"Hocking",39073,2017,48073,14.19,14.06
"Hocking",39073,2018,50000,13.63,14.79
"Hocking",39073,2019,52363,13.26,14.42
"Hocking",39073,2020,54774,14.49,13.86
"Hocking",39073,2021,56755,16.34,14.77
"Hocking",39073,2022,59007,16.6,14.75
"Hocking",39073,2023,61366,17.09,14.36
"Hocking",39073,2024,61366,17.09,14.36
"Holmes",39075,2003,44091,15.58,8.29
"Holmes",39075,2004,44091,15.58,8.29
"Holmes",39075,2005,44091,15.58,8.29
"Holmes",39075,2006,44091,15.58,8.29
"Holmes",39075,2007,44091,15.58,8.29
"Holmes",39075,2008,44091,15.58,8.29
"Holmes",39075,2009,44091,15.58,8.29
"Holmes",39075,2010,44091,15.58,8.29
"Holmes",39075,2011,44091,15.58,8.29
"Holmes",39075,2012,44091,15.58,8.29
"Holmes",39075,2013,45477,15.77,8.49
"Holmes",39075,2014,47625,14.39,7.78
"Holmes",39075,2015,51996,12.69,7.77
"Holmes",39075,2016,53619,12.86,7.73
"Holmes",39075,2017,58728,11.97,8.47
"Holmes",39075,2018,62111,11.15,8.88
"Holmes",39075,2019,63753,9.95,9.65
"Holmes",39075,2020,64453,9.75,10.38
"Holmes",39075,2021,69454,8.96,10.52
"Holmes",39075,2022,72987,8.95,11.06
"Holmes",39075,2023,74774,8.81,10.95
"Holmes",39075,2024,74774,8.81,10.95
"Huron",39077,2003,48335,14.71,12.37
"Huron",39077,2004,48335,14.71,12.37
"Huron",39077,2005,48335,14.71,12.37
"Huron",39077,2006,48335,14.71,12.37
"Huron",39077,2007,48335,14.71,12.37
"Huron",39077,2008,48335,14.71,12.37
"Huron",39077,2009,48335,14.71,12.37
"Huron",39077,2010,48335,14.71,12.37
"Huron",39077,2011,48335,14.71,12.37
"Huron",39077,2012,48335,14.71,12.37
"Huron",39077,2013,49404,13.54,13.15
"Huron",39077,2014,49315,13.89,13.13
"Huron",39077,2015,48745,13.51,13.09
"Huron",39077,2016,48838,12.88,13.48
"Huron",39077,2017,49710,14.22,13.71
"Huron",39077,2018,51559,13.59,13.6
"Huron",39077,2019,52560,13.17,14.42
"Huron",39077,2020,55041,11.98,14.74
"Huron",39077,2021,59049,12.33,14.98
"Huron",39077,2022,64144,10.99,15.54
"Huron",39077,2023,65972,11.96,16.94
"Huron",39077,2024,65972,11.96,16.94
"Jackson",39079,2003,36903,24.84,14.04
"Jackson",39079,2004,36903,24.84,14.04
"Jackson",39079,2005,36903,24.84,14.04
"Jackson",39079,2006,36903,24.84,14.04
"Jackson",39079,2007,36903,24.84,14.04
"Jackson",39079,2008,36903,24.84,14.04
"Jackson",39079,2009,36903,24.84,14.04
"Jackson",39079,2010,36903,24.84,14.04
"Jackson",39079,2011,36903,24.84,14.04
"Jackson",39079,2012,36903,24.84,14.04
"Jackson",39079,2013,36356,24.6,15.22
"Jackson",39079,2014,37393,23.65,17.34
"Jackson",39079,2015,39460,23.55,17.18
"Jackson",39079,2016,40330,23.01,16.88
"Jackson",39079,2017,43397,20.64,15.8
"Jackson",39079,2018,45340,19.59,15.25
"Jackson",39079,2019,47550,18.77,14.46
"Jackson",39079,2020,48915,16.97,14.83
"Jackson",39079,2021,50983,17.08,15.13
"Jackson",39079,2022,56549,17.4,15.88
"Jackson",39079,2023,58409,17.66,16.61
"Jackson",39079,2024,58409,17.66,16.61
"Jefferson",39081,2003,40115,16.84,14.77
"Jefferson",39081,2004,40115,16.84,14.77
"Jefferson",39081,2005,40115,16.84,14.77
"Jefferson",39081,2006,40115,16.84,14.77
"Jefferson",39081,2007,40115,16.84,14.77
"Jefferson",39081,2008,40115,16.84,14.77
"Jefferson",39081,2009,40115,16.84,14.77
"Jefferson",39081,2010,40115,16.84,14.77
"Jefferson",39081,2011,40115,16.84,14.77
"Jefferson",39081,2012,40115,16.84,14.77
"Jefferson",39081,2013,40577,16.65,14.67
"Jefferson",39081,2014,40816,17.49,15.18
"Jefferson",39081,2015,41942,17.59,15.11
"Jefferson",39081,2016,42327,17.21,15.43
"Jefferson",39081,2017,43161,17.59,14.89
"Jefferson",39081,2018,44819,18.06,15.34
"Jefferson",39081,2019,46581,17.49,15.82
"Jefferson",39081,2020,46849,16.84,17.5
"Jefferson",39081,2021,49211,17.34,18.25
"Jefferson",39081,2022,53124,18.16,19.5
"Jefferson",39081,2023,56983,16.93,20.56
"Jefferson",39081,2024,56983,16.93,20.56
"Knox",39083,2003,49323,14.57,20.39
"Knox",39083,2004,49323,14.57,20.39
"Knox",39083,2005,49323,14.57,20.39
"Knox",39083,2006,49323,14.57,20.39
"Knox",39083,2007,49323,14.57,20.39
"Knox",39083,2008,49323,14.57,20.39
"Knox",39083,2009,49323,14.57,20.39
"Knox",39083,2010,49323,14.57,20.39
"Knox",39083,2011,49323,14.57,20.39
"Knox",39083,2012,49323,14.57,20.39
"Knox",39083,2013,49750,14.22,21.15
"Knox",39083,2014,48953,15.51,21.39
"Knox",39083,2015,48533,15.31,21.85
"Knox",39083,2016,48619,15.57,21.89
"Knox",39083,2017,51211,13.76,22.7
"Knox",39083,2018,55131,14.23,22.8
"Knox",39083,2019,57749,13.1,22.96
"Knox",39083,2020,61590,12.05,22.58
"Knox",39083,2021,64439,12.67,22.68
"Knox",39083,2022,71246,12.89,23.71
"Knox",39083,2023,73988,11.04,24.35
"Knox",39083,2024,73988,11.04,24.35
"Lake",39085,2003,56231,9.27,24.78
"Lake",39085,2004,56231,9.27,24.78
"Lake",39085,2005,56231,9.27,24.78
"Lake",39085,2006,56231,9.27,24.78
"Lake",39085,2007,56231,9.27,24.78
"Lake",39085,2008,56231,9.27,24.78
"Lake",39085,2009,56231,9.27,24.78
"Lake",39085,2010,56231,9.27,24.78
"Lake",39085,2011,56231,9.27,24.78
"Lake",39085,2012,56231,9.27,24.78
"Lake",39085,2013,56018,9.2,24.86
"Lake",39085,2014,56809,9.19,25.97
"Lake",39085,2015,58029,8.86,26.27
"Lake",39085,2016,59958,8.51,27.04
"Lake",39085,2017,61137,8.32,27.23
"Lake",39085,2018,63475,8.3,27.9
"Lake",39085,2019,64466,8.08,27.39
"Lake",39085,2020,65814,8.21,28.32
"Lake",39085,2021,70168,7.49,28.85
"Lake",39085,2022,76835,7.63,29.93
"Lake",39085,2023,77952,8.18,30.53
"Lake",39085,2024,77952,8.18,30.53
"Lawrence",39087,2003,40244,16.03,14.95
"Lawrence",39087,2004,40244,16.03,14.95
"Lawrence",39087,2005,40244,16.03,14.95
"Lawrence",39087,2006,40244,16.03,14.95
"Lawrence",39087,2007,40244,16.03,14.95
"Lawrence",39087,2008,40244,16.03,14.95
"Lawrence",39087,2009,40244,16.03,14.95
"Lawrence",39087,2010,40244,16.03,14.95
"Lawrence",39087,2011,40244,16.03,14.95
"Lawrence",39087,2012,40244,16.03,14.95
"Lawrence",39087,2013,41552,18.28,14.87
"Lawrence",39087,2014,42981,17.4,14.78
"Lawrence",39087,2015,42874,18.25,14.66
"Lawrence",39087,2016,44256,18.44,14.14
"Lawrence",39087,2017,45466,18.62,14.46
"Lawrence",39087,2018,44372,18.57,14.34
"Lawrence",39087,2019,45118,18.07,14.85
"Lawrence",39087,2020,46584,19.44,15.83
"Lawrence",39087,2021,48947,18.76,16.93
"Lawrence",39087,2022,51846,17.93,18.15
"Lawrence",39087,2023,54842,17.52,18.58
"Lawrence",39087,2024,54842,17.52,18.58
"Licking",39089,2003,54247,12.36,22
"Licking",39089,2004,54247,12.36,22
"Licking",39089,2005,54247,12.36,22
"Licking",39089,2006,54247,12.36,22
"Licking",39089,2007,54247,12.36,22
"Licking",39089,2008,54247,12.36,22
"Licking",39089,2009,54247,12.36,22
"Licking",39089,2010,54247,12.36,22
"Licking",39089,2011,54247,12.36,22
"Licking",39089,2012,54247,12.36,22
"Licking",39089,2013,55114,12,21.88
"Licking",39089,2014,55777,12.36,22.58
"Licking",39089,2015,56549,12.71,22.83
"Licking",39089,2016,57571,12.57,23.33
"Licking",39089,2017,59747,11.77,24.56
"Licking",39089,2018,62715,11.37,26.19
"Licking",39089,2019,64589,10.49,26.06
"Licking",39089,2020,67736,9.75,27.56
"Licking",39089,2021,72771,9.48,28.61
"Licking",39089,2022,78505,9.81,29.55
"Licking",39089,2023,81033,10.13,29.28
"Licking",39089,2024,81033,10.13,29.28
"Logan",39091,2003,47345,15.64,15.34
"Logan",39091,2004,47345,15.64,15.34
"Logan",39091,2005,47345,15.64,15.34
"Logan",39091,2006,47345,15.64,15.34
"Logan",39091,2007,47345,15.64,15.34
"Logan",39091,2008,47345,15.64,15.34
"Logan",39091,2009,47345,15.64,15.34
"Logan",39091,2010,47345,15.64,15.34
"Logan",39091,2011,47345,15.64,15.34
"Logan",39091,2012,47345,15.64,15.34
"Logan",39091,2013,47542,15.88,14.8
"Logan",39091,2014,48416,16.93,14.84
"Logan",39091,2015,49783,14.46,15.69
"Logan",39091,2016,51136,13.98,15.56
"Logan",39091,2017,53051,13.69,15.13
"Logan",39091,2018,55150,13.38,16.03
"Logan",39091,2019,56754,11.37,16.51
"Logan",39091,2020,60417,10.66,17.06
"Logan",39091,2021,64196,9.53,17.92
"Logan",39091,2022,69125,10.92,18.86
"Logan",39091,2023,69183,11.29,18.3
"Logan",39091,2024,69183,11.29,18.3
"Lorain",39093,2003,51756,14.19,21.2
"Lorain",39093,2004,51756,14.19,21.2
"Lorain",39093,2005,51756,14.19,21.2
"Lorain",39093,2006,51756,14.19,21.2
"Lorain",39093,2007,51756,14.19,21.2
"Lorain",39093,2008,51756,14.19,21.2
"Lorain",39093,2009,51756,14.19,21.2
"Lorain",39093,2010,51756,14.19,21.2
"Lorain",39093,2011,51756,14.19,21.2
"Lorain",39093,2012,51756,14.19,21.2
"Lorain",39093,2013,51816,14.6,22.19
"Lorain",39093,2014,52610,14.58,22.28
"Lorain",39093,2015,52457,14.41,22.81
"Lorain",39093,2016,53459,13.97,23.49
"Lorain",39093,2017,54987,13.67,23.71
"Lorain",39093,2018,56965,13.73,24.02
"Lorain",39093,2019,58427,13.48,24.88
"Lorain",39093,2020,58798,13.36,25.32
"Lorain",39093,2021,62390,13.22,25.99
"Lorain",39093,2022,67272,13.5,27.22
"Lorain",39093,2023,70693,12.79,27.9
"Lorain",39093,2024,70693,12.79,27.9
"Lucas",39095,2003,41436,20.53,22.91
"Lucas",39095,2004,41436,20.53,22.91
"Lucas",39095,2005,41436,20.53,22.91
"Lucas",39095,2006,41436,20.53,22.91
"Lucas",39095,2007,41436,20.53,22.91
"Lucas",39095,2008,41436,20.53,22.91
"Lucas",39095,2009,41436,20.53,22.91
"Lucas",39095,2010,41436,20.53,22.91
"Lucas",39095,2011,41436,20.53,22.91
"Lucas",39095,2012,41436,20.53,22.91
"Lucas",39095,2013,41556,20.79,23.37
"Lucas",39095,2014,41751,21.11,24.17
"Lucas",39095,2015,41777,21.15,24.23
"Lucas",39095,2016,42917,20.66,25.09
"Lucas",39095,2017,44820,19.78,25.64
"Lucas",39095,2018,46924,19.1,26.28
"Lucas",39095,2019,48736,18.72,26.28
"Lucas",39095,2020,49946,18.67,26.67
"Lucas",39095,2021,53176,17.61,27.55
"Lucas",39095,2022,57265,17.84,27.96
"Lucas",39095,2023,60095,17.81,28.5
"Lucas",39095,2024,60095,17.81,28.5
"Madison",39097,2003,54647,11.11,17.57
"Madison",39097,2004,54647,11.11,17.57
"Madison",39097,2005,54647,11.11,17.57
"Madison",39097,2006,54647,11.11,17.57
"Madison",39097,2007,54647,11.11,17.57
"Madison",39097,2008,54647,11.11,17.57
"Madison",39097,2009,54647,11.11,17.57
"Madison",39097,2010,54647,11.11,17.57
"Madison",39097,2011,54647,11.11,17.57
"Madison",39097,2012,54647,11.11,17.57
"Madison",39097,2013,54956,11,17.65
"Madison",39097,2014,54331,11.59,15.71
"Madison",39097,2015,57406,9.37,17.05
"Madison",39097,2016,58326,10.61,16.35
"Madison",39097,2017,62897,10.21,16.75
"Madison",39097,2018,65264,10.16,16.94
"Madison",39097,2019,68022,9.11,17.46
"Madison",39097,2020,68663,9.4,18.11
"Madison",39097,2021,72811,10.18,19.99
"Madison",39097,2022,77062,10.22,20.39
"Madison",39097,2023,83229,9.69,22.35
"Madison",39097,2024,83229,9.69,22.35
"Mahoning",39099,2003,41112,17.47,20.95
"Mahoning",39099,2004,41112,17.47,20.95
"Mahoning",39099,2005,41112,17.47,20.95
"Mahoning",39099,2006,41112,17.47,20.95
"Mahoning",39099,2007,41112,17.47,20.95
"Mahoning",39099,2008,41112,17.47,20.95
"Mahoning",39099,2009,41112,17.47,20.95
"Mahoning",39099,2010,41112,17.47,20.95
"Mahoning",39099,2011,41112,17.47,20.95
"Mahoning",39099,2012,41112,17.47,20.95
"Mahoning",39099,2013,41058,17.55,20.78
"Mahoning",39099,2014,41350,17.88,21.5
"Mahoning",39099,2015,41375,18,22.18
"Mahoning",39099,2016,41872,18.09,22.79
"Mahoning",39099,2017,43251,17.63,23.22
"Mahoning",39099,2018,44682,17.61,24.15
"Mahoning",39099,2019,46042,17.51,24.19
"Mahoning",39099,2020,47092,17.56,24.63
"Mahoning",39099,2021,50750,17.32,24.85
"Mahoning",39099,2022,54279,17.59,26.17
"Mahoning",39099,2023,55576,18.28,26.36
"Mahoning",39099,2024,55576,18.28,26.36
"Marion",39101,2003,40966,19.6,12.15
"Marion",39101,2004,40966,19.6,12.15
"Marion",39101,2005,40966,19.6,12.15
"Marion",39101,2006,40966,19.6,12.15
"Marion",39101,2007,40966,19.6,12.15
"Marion",39101,2008,40966,19.6,12.15
"Marion",39101,2009,40966,19.6,12.15
"Marion",39101,2010,40966,19.6,12.15
"Marion",39101,2011,40966,19.6,12.15
"Marion",39101,2012,40966,19.6,12.15
"Marion",39101,2013,42572,18.55,12.38
"Marion",39101,2014,42904,19.08,12.48
"Marion",39101,2015,42966,18.77,12.37
"Marion",39101,2016,43557,17.42,12.3
"Marion",39101,2017,44708,16.56,13.49
"Marion",39101,2018,45464,15.97,13.1
"Marion",39101,2019,47498,14.81,12.54
"Marion",39101,2020,49225,13.71,12.93
"Marion",39101,2021,51144,15.17,13.15
"Marion",39101,2022,55106,16.08,13.46
"Marion",39101,2023,57306,15.35,13.7
"Marion",39101,2024,57306,15.35,13.7
"Medina",39103,2003,65768,7.25,29.88
"Medina",39103,2004,65768,7.25,29.88
"Medina",39103,2005,65768,7.25,29.88
"Medina",39103,2006,65768,7.25,29.88
"Medina",39103,2007,65768,7.25,29.88
"Medina",39103,2008,65768,7.25,29.88
"Medina",39103,2009,65768,7.25,29.88
"Medina",39103,2010,65768,7.25,29.88
"Medina",39103,2011,65768,7.25,29.88
"Medina",39103,2012,65768,7.25,29.88
"Medina",39103,2013,65951,7.36,29.64
"Medina",39103,2014,66296,7.54,29.86
"Medina",39103,2015,66952,7.42,30.78
"Medina",39103,2016,69319,6.63,31.46
"Medina",39103,2017,71595,6.16,32.08
"Medina",39103,2018,74243,6.43,33.32
"Medina",39103,2019,76600,6.03,33.92
"Medina",39103,2020,77784,5.81,33.89
"Medina",39103,2021,82894,5.74,35.02
"Medina",39103,2022,89968,5.95,35.91
"Medina",39103,2023,92660,6.13,36.25
"Medina",39103,2024,92660,6.13,36.25
"Meigs",39105,2003,34704,21.57,11.43
"Meigs",39105,2004,34704,21.57,11.43
"Meigs",39105,2005,34704,21.57,11.43
"Meigs",39105,2006,34704,21.57,11.43
"Meigs",39105,2007,34704,21.57,11.43
"Meigs",39105,2008,34704,21.57,11.43
"Meigs",39105,2009,34704,21.57,11.43
"Meigs",39105,2010,34704,21.57,11.43
"Meigs",39105,2011,34704,21.57,11.43
"Meigs",39105,2012,34704,21.57,11.43
"Meigs",39105,2013,35469,21.89,12.18
"Meigs",39105,2014,35970,23.01,11.94
"Meigs",39105,2015,37813,22.84,12.88
"Meigs",39105,2016,39640,22.76,13.44
"Meigs",39105,2017,42105,22.52,12.96
"Meigs",39105,2018,43591,22.38,12.83
"Meigs",39105,2019,44899,19.64,13.11
"Meigs",39105,2020,43445,20.31,12.13
"Meigs",39105,2021,44113,20.07,12.41
"Meigs",39105,2022,46255,19.59,11.48
"Meigs",39105,2023,46701,22.04,11.78
"Meigs",39105,2024,46701,22.04,11.78
"Mercer",39107,2003,52234,8.16,16.08
"Mercer",39107,2004,52234,8.16,16.08
"Mercer",39107,2005,52234,8.16,16.08
"Mercer",39107,2006,52234,8.16,16.08
"Mercer",39107,2007,52234,8.16,16.08
"Mercer",39107,2008,52234,8.16,16.08
"Mercer",39107,2009,52234,8.16,16.08
"Mercer",39107,2010,52234,8.16,16.08
"Mercer",39107,2011,52234,8.16,16.08
"Mercer",39107,2012,52234,8.16,16.08
"Mercer",39107,2013,52535,9.44,16.23
"Mercer",39107,2014,52033,8.82,15.93
"Mercer",39107,2015,53099,8.43,15.75
"Mercer",39107,2016,55220,8.31,16.83
"Mercer",39107,2017,57052,7.43,16.62
"Mercer",39107,2018,59417,6.92,16.7
"Mercer",39107,2019,62952,6.43,18.3
"Mercer",39107,2020,65566,5.63,19.36
"Mercer",39107,2021,68692,5.29,20.4
"Mercer",39107,2022,73278,6.36,20.36
"Mercer",39107,2023,78036,6.14,22.16
"Mercer",39107,2024,78036,6.14,22.16
"Miami",39109,2003,52292,12.35,20.32
"Miami",39109,2004,52292,12.35,20.32
"Miami",39109,2005,52292,12.35,20.32
"Miami",39109,2006,52292,12.35,20.32
"Miami",39109,2007,52292,12.35,20.32
"Miami",39109,2008,52292,12.35,20.32
"Miami",39109,2009,52292,12.35,20.32
"Miami",39109,2010,52292,12.35,20.32
"Miami",39109,2011,52292,12.35,20.32
"Miami",39109,2012,52292,12.35,20.32
"Miami",39109,2013,52040,12.97,19.71
"Miami",39109,2014,51847,12.82,19.72
"Miami",39109,2015,51569,12.78,20.59
"Miami",39109,2016,53432,11.09,21.06
"Miami",39109,2017,54568,9.88,20.99
"Miami",39109,2018,57544,9.43,22.57
"Miami",39109,2019,61041,9.15,23.29
"Miami",39109,2020,62347,8.46,22.62
"Miami",39109,2021,66284,7.67,24.31
"Miami",39109,2022,71440,8.46,24.67
"Miami",39109,2023,74175,8.62,24.92
"Miami",39109,2024,74175,8.62,24.92
"Monroe",39111,2003,41677,16.26,10.48
"Monroe",39111,2004,41677,16.26,10.48
"Monroe",39111,2005,41677,16.26,10.48
"Monroe",39111,2006,41677,16.26,10.48
"Monroe",39111,2007,41677,16.26,10.48
"Monroe",39111,2008,41677,16.26,10.48
"Monroe",39111,2009,41677,16.26,10.48
"Monroe",39111,2010,41677,16.26,10.48
"Monroe",39111,2011,41677,16.26,10.48
"Monroe",39111,2012,41677,16.26,10.48
"Monroe",39111,2013,40573,18.99,10.41
"Monroe",39111,2014,41394,18.78,10.3
"Monroe",39111,2015,41528,19.39,9.86
"Monroe",39111,2016,41368,18.81,10.7
"Monroe",39111,2017,43299,19.72,11.38
"Monroe",39111,2018,43956,16.59,11.9
"Monroe",39111,2019,45289,17.1,12.5
"Monroe",39111,2020,46241,14.59,12.05
"Monroe",39111,2021,50503,14.7,12.62
"Monroe",39111,2022,55381,13.9,10.72
"Monroe",39111,2023,58962,15.13,10.73
"Monroe",39111,2024,58962,15.13,10.73
"Montgomery",39113,2003,43895,16.83,24.38
"Montgomery",39113,2004,43895,16.83,24.38
"Montgomery",39113,2005,43895,16.83,24.38
"Montgomery",39113,2006,43895,16.83,24.38
"Montgomery",39113,2007,43895,16.83,24.38
"Montgomery",39113,2008,43895,16.83,24.38
"Montgomery",39113,2009,43895,16.83,24.38
"Montgomery",39113,2010,43895,16.83,24.38
"Montgomery",39113,2011,43895,16.83,24.38
"Montgomery",39113,2012,43895,16.83,24.38
"Montgomery",39113,2013,43401,17.69,24.63
"Montgomery",39113,2014,43281,18.5,24.77
"Montgomery",39113,2015,43829,18.65,25.72
"Montgomery",39113,2016,45394,18.51,26.14
"Montgomery",39113,2017,47045,17.85,26.78
"Montgomery",39113,2018,49314,17.45,27.43
"Montgomery",39113,2019,51542,16.65,27.88
"Montgomery",39113,2020,53064,16.02,28.33
"Montgomery",39113,2021,56543,15.3,29.2
"Montgomery",39113,2022,61942,15.12,29.97
"Montgomery",39113,2023,64403,14.9,30.52
"Montgomery",39113,2024,64403,14.9,30.52
"Morgan",39115,2003,37152,18.02,7.67
"Morgan",39115,2004,37152,18.02,7.67
"Morgan",39115,2005,37152,18.02,7.67
"Morgan",39115,2006,37152,18.02,7.67
"Morgan",39115,2007,37152,18.02,7.67
"Morgan",39115,2008,37152,18.02,7.67
"Morgan",39115,2009,37152,18.02,7.67
"Morgan",39115,2010,37152,18.02,7.67
"Morgan",39115,2011,37152,18.02,7.67
"Morgan",39115,2012,37152,18.02,7.67
"Morgan",39115,2013,37865,20.23,10.53
"Morgan",39115,2014,38696,19.46,10.66
"Morgan",39115,2015,37067,21.37,11.12
"Morgan",39115,2016,38941,20.27,12.17
"Morgan",39115,2017,40276,21.52,13.01
"Morgan",39115,2018,41731,19.12,11.31
"Morgan",39115,2019,42341,19.24,10.19
"Morgan",39115,2020,43791,17.21,10.45
"Morgan",39115,2021,44848,17.35,10.87
"Morgan",39115,2022,51056,16.57,11.18
"Morgan",39115,2023,55971,14.29,14.2
"Morgan",39115,2024,55971,14.29,14.2
"Morrow",39117,2003,51534,13.77,13.47
"Morrow",39117,2004,51534,13.77,13.47
"Morrow",39117,2005,51534,13.77,13.47
"Morrow",39117,2006,51534,13.77,13.47
"Morrow",39117,2007,51534,13.77,13.47
"Morrow",39117,2008,51534,13.77,13.47
"Morrow",39117,2009,51534,13.77,13.47
"Morrow",39117,2010,51534,13.77,13.47
"Morrow",39117,2011,51534,13.77,13.47
"Morrow",39117,2012,51534,13.77,13.47
"Morrow",39117,2013,51484,13.63,14.13
"Morrow",39117,2014,51444,13.4,13.83
"Morrow",39117,2015,51993,11.75,13.88
"Morrow",39117,2016,53032,11.02,13.51
"Morrow",39117,2017,52767,9.7,13.64
"Morrow",39117,2018,56010,10.19,13.52
"Morrow",39117,2019,59452,9.7,13.84
"Morrow",39117,2020,61769,9.11,14.72
"Morrow",39117,2021,63411,10.18,14.96
"Morrow",39117,2022,70412,10.58,16.9
"Morrow",39117,2023,71047,10.87,18.2
"Morrow",39117,2024,71047,10.87,18.2
"Muskingum",39119,2003,40398,17.32,13.8
"Muskingum",39119,2004,40398,17.32,13.8
"Muskingum",39119,2005,40398,17.32,13.8
"Muskingum",39119,2006,40398,17.32,13.8
"Muskingum",39119,2007,40398,17.32,13.8
"Muskingum",39119,2008,40398,17.32,13.8
"Muskingum",39119,2009,40398,17.32,13.8
"Muskingum",39119,2010,40398,17.32,13.8
"Muskingum",39119,2011,40398,17.32,13.8
"Muskingum",39119,2012,40398,17.32,13.8
"Muskingum",39119,2013,40524,18.07,14.22
"Muskingum",39119,2014,40937,19.23,14.57
"Muskingum",39119,2015,41130,18.64,15.05
"Muskingum",39119,2016,42464,17.42,15.07
"Muskingum",39119,2017,43325,16.61,15.73
"Muskingum",39119,2018,45276,16.35,15.49
"Muskingum",39119,2019,47254,16.04,16.09
"Muskingum",39119,2020,48350,15.63,17.47
"Muskingum",39119,2021,52224,15.81,18.24
"Muskingum",39119,2022,56810,15.62,19.34
"Muskingum",39119,2023,59203,15.64,20.32
"Muskingum",39119,2024,59203,15.64,20.32
"Noble",39121,2003,39544,14.05,8.86
"Noble",39121,2004,39544,14.05,8.86
"Noble",39121,2005,39544,14.05,8.86
"Noble",39121,2006,39544,14.05,8.86
"Noble",39121,2007,39544,14.05,8.86
"Noble",39121,2008,39544,14.05,8.86
"Noble",39121,2009,39544,14.05,8.86
"Noble",39121,2010,39544,14.05,8.86
"Noble",39121,2011,39544,14.05,8.86
"Noble",39121,2012,39544,14.05,8.86
"Noble",39121,2013,38290,15.24,9.73
"Noble",39121,2014,37126,13.73,9.53
"Noble",39121,2015,41708,12.72,9.28
"Noble",39121,2016,41398,11.93,9.45
"Noble",39121,2017,42171,12.87,10.55
"Noble",39121,2018,47456,15.38,10.25
"Noble",39121,2019,46897,15.58,9.91
"Noble",39121,2020,50070,15.15,11.04
"Noble",39121,2021,46144,16.6,12.14
"Noble",39121,2022,51547,16.63,13.12
"Noble",39121,2023,55360,11.68,13.75
"Noble",39121,2024,55360,11.68,13.75
"Ottawa",39123,2003,53850,9.96,20.3
"Ottawa",39123,2004,53850,9.96,20.3
"Ottawa",39123,2005,53850,9.96,20.3
"Ottawa",39123,2006,53850,9.96,20.3
"Ottawa",39123,2007,53850,9.96,20.3
"Ottawa",39123,2008,53850,9.96,20.3
"Ottawa",39123,2009,53850,9.96,20.3
"Ottawa",39123,2010,53850,9.96,20.3
"Ottawa",39123,2011,53850,9.96,20.3
"Ottawa",39123,2012,53850,9.96,20.3
"Ottawa",39123,2013,53202,11,20.31
"Ottawa",39123,2014,53599,10.33,21.36
"Ottawa",39123,2015,53914,10.72,21.68
"Ottawa",39123,2016,54580,11.06,21.3
"Ottawa",39123,2017,56193,10.49,22.34
"Ottawa",39123,2018,57918,10.42,22.43
"Ottawa",39123,2019,59099,10.1,23.06
"Ottawa",39123,2020,59306,8.82,23.92
"Ottawa",39123,2021,64463,8.29,26.02
"Ottawa",39123,2022,69515,8.77,26.89
"Ottawa",39123,2023,75728,8.35,28.54
"Ottawa",39123,2024,75728,8.35,28.54
"Paulding",39125,2003,44099,14.04,12.54
"Paulding",39125,2004,44099,14.04,12.54
"Paulding",39125,2005,44099,14.04,12.54
"Paulding",39125,2006,44099,14.04,12.54
"Paulding",39125,2007,44099,14.04,12.54
"Paulding",39125,2008,44099,14.04,12.54
"Paulding",39125,2009,44099,14.04,12.54
"Paulding",39125,2010,44099,14.04,12.54
"Paulding",39125,2011,44099,14.04,12.54
"Paulding",39125,2012,44099,14.04,12.54
"Paulding",39125,2013,44861,13.69,12.11
"Paulding",39125,2014,45404,14.04,12.69
"Paulding",39125,2015,45550,12.84,12.73
"Paulding",39125,2016,48003,11.03,13.05
"Paulding",39125,2017,49866,10.68,14.02
"Paulding",39125,2018,51933,10.27,14.1
"Paulding",39125,2019,55330,9.88,15.65
"Paulding",39125,2020,56531,10.26,15.91
"Paulding",39125,2021,59987,10.06,16.18
"Paulding",39125,2022,65331,9.42,15.41
"Paulding",39125,2023,68167,9.6,15.73
"Paulding",39125,2024,68167,9.6,15.73
"Perry",39127,2003,42222,18.23,10.14
"Perry",39127,2004,42222,18.23,10.14
"Perry",39127,2005,42222,18.23,10.14
"Perry",39127,2006,42222,18.23,10.14
"Perry",39127,2007,42222,18.23,10.14
"Perry",39127,2008,42222,18.23,10.14
"Perry",39127,2009,42222,18.23,10.14
"Perry",39127,2010,42222,18.23,10.14
"Perry",39127,2011,42222,18.23,10.14
"Perry",39127,2012,42222,18.23,10.14
"Perry",39127,2013,41446,19.58,10.18
"Perry",39127,2014,41892,18.77,11.01
"Perry",39127,2015,42017,19.27,10.98
"Perry",39127,2016,43674,20.63,11.96
"Perry",39127,2017,46477,19.23,11.66
"Perry",39127,2018,48811,19.41,12.28
"Perry",39127,2019,50150,19.14,12.18
"Perry",39127,2020,52978,16.47,13.04
"Perry",39127,2021,58616,15.18,13.4
"Perry",39127,2022,62899,15.34,14.8
"Perry",39127,2023,64737,14.7,15.04
"Perry",39127,2024,64737,14.7,15.04
"Pickaway",39129,2003,53750,13.48,15.93
"Pickaway",39129,2004,53750,13.48,15.93
"Pickaway",39129,2005,53750,13.48,15.93
"Pickaway",39129,2006,53750,13.48,15.93
"Pickaway",39129,2007,53750,13.48,15.93
"Pickaway",39129,2008,53750,13.48,15.93
"Pickaway",39129,2009,53750,13.48,15.93
"Pickaway",39129,2010,53750,13.48,15.93
"Pickaway",39129,2011,53750,13.48,15.93
"Pickaway",39129,2012,53750,13.48,15.93
"Pickaway",39129,2013,54003,13.32,16.06
"Pickaway",39129,2014,55678,12.78,16.4
"Pickaway",39129,2015,57439,12.55,17.1
"Pickaway",39129,2016,58706,12.16,17.31
"Pickaway",39129,2017,60314,12,17.34
"Pickaway",39129,2018,62214,11.75,18.59
"Pickaway",39129,2019,63633,12.13,18.41
"Pickaway",39129,2020,61629,13.81,18.63
"Pickaway",39129,2021,63629,13.38,19.55
"Pickaway",39129,2022,67600,12.49,19.62
"Pickaway",39129,2023,72927,12.1,21.26
"Pickaway",39129,2024,72927,12.1,21.26
"Pike",39131,2003,39735,22.04,12.65
"Pike",39131,2004,39735,22.04,12.65
"Pike",39131,2005,39735,22.04,12.65
"Pike",39131,2006,39735,22.04,12.65
"Pike",39131,2007,39735,22.04,12.65
"Pike",39131,2008,39735,22.04,12.65
"Pike",39131,2009,39735,22.04,12.65
"Pike",39131,2010,39735,22.04,12.65
"Pike",39131,2011,39735,22.04,12.65
"Pike",39131,2012,39735,22.04,12.65
"Pike",39131,2013,42165,23.54,12.22
"Pike",39131,2014,39989,24.21,11.36
"Pike",39131,2015,40283,23.12,11.83
"Pike",39131,2016,41128,20.68,12.28
"Pike",39131,2017,43562,20.04,13.26
"Pike",39131,2018,43729,19.38,13.76
"Pike",39131,2019,42832,18.68,12.64
"Pike",39131,2020,44115,18.64,14.21
"Pike",39131,2021,44961,19.36,14.71
"Pike",39131,2022,50832,19.84,13.97
"Pike",39131,2023,49552,19.92,14.56
"Pike",39131,2024,49552,19.92,14.56
"Portage",39133,2003,51969,15.13,24.62
"Portage",39133,2004,51969,15.13,24.62
"Portage",39133,2005,51969,15.13,24.62
"Portage",39133,2006,51969,15.13,24.62
"Portage",39133,2007,51969,15.13,24.62
"Portage",39133,2008,51969,15.13,24.62
"Portage",39133,2009,51969,15.13,24.62
"Portage",39133,2010,51969,15.13,24.62
"Portage",39133,2011,51969,15.13,24.62
"Portage",39133,2012,51969,15.13,24.62
"Portage",39133,2013,52697,16.11,25.1
"Portage",39133,2014,53027,15.95,25.48
"Portage",39133,2015,52552,15.61,26.04
"Portage",39133,2016,52427,15.03,27.28
"Portage",39133,2017,53816,14.52,27.46
"Portage",39133,2018,56618,13.11,28.67
"Portage",39133,2019,57618,12.79,29
"Portage",39133,2020,59485,11.32,29.87
"Portage",39133,2021,64163,11.15,30.06
"Portage",39133,2022,69796,11.3,31.74
"Portage",39133,2023,72822,11.4,31.52
"Portage",39133,2024,72822,11.4,31.52
"Preble",39135,2003,48899,10.67,11.89
"Preble",39135,2004,48899,10.67,11.89
"Preble",39135,2005,48899,10.67,11.89
"Preble",39135,2006,48899,10.67,11.89
"Preble",39135,2007,48899,10.67,11.89
"Preble",39135,2008,48899,10.67,11.89
"Preble",39135,2009,48899,10.67,11.89
"Preble",39135,2010,48899,10.67,11.89
"Preble",39135,2011,48899,10.67,11.89
"Preble",39135,2012,48899,10.67,11.89
"Preble",39135,2013,48405,12.23,11.33
"Preble",39135,2014,48147,12.81,12.24
"Preble",39135,2015,47818,13.35,11.77
"Preble",39135,2016,51356,13.53,13.48
"Preble",39135,2017,52661,12.36,14.4
"Preble",39135,2018,55374,11.57,15.81
"Preble",39135,2019,58957,10.14,16.28
"Preble",39135,2020,61339,9.16,18.24
"Preble",39135,2021,60527,9.78,18.35
"Preble",39135,2022,66355,10.33,18.83
"Preble",39135,2023,71237,11.25,17.9
"Preble",39135,2024,71237,11.25,17.9
"Putnam",39137,2003,60693,7.46,19.74
"Putnam",39137,2004,60693,7.46,19.74
"Putnam",39137,2005,60693,7.46,19.74
"Putnam",39137,2006,60693,7.46,19.74
"Putnam",39137,2007,60693,7.46,19.74
"Putnam",39137,2008,60693,7.46,19.74
"Putnam",39137,2009,60693,7.46,19.74
"Putnam",39137,2010,60693,7.46,19.74
"Putnam",39137,2011,60693,7.46,19.74
"Putnam",39137,2012,60693,7.46,19.74
"Putnam",39137,2013,61192,6.9,19.91
"Putnam",39137,2014,61036,6.65,20.16
"Putnam",39137,2015,60524,5.8,19.4
"Putnam",39137,2016,60245,7.83,19.39
"Putnam",39137,2017,61161,7.17,19.05
"Putnam",39137,2018,62001,6.74,20.29
"Putnam",39137,2019,64822,7.63,20.92
"Putnam",39137,2020,67790,7.78,23.22
"Putnam",39137,2021,73122,6.34,24.75
"Putnam",39137,2022,79453,6.56,25.92
"Putnam",39137,2023,82785,7.14,26.3
"Putnam",39137,2024,82785,7.14,26.3
"Richland",39139,2003,42894,14.82,15.01
"Richland",39139,2004,42894,14.82,15.01
"Richland",39139,2005,42894,14.82,15.01
"Richland",39139,2006,42894,14.82,15.01
"Richland",39139,2007,42894,14.82,15.01
"Richland",39139,2008,42894,14.82,15.01
"Richland",39139,2009,42894,14.82,15.01
"Richland",39139,2010,42894,14.82,15.01
"Richland",39139,2011,42894,14.82,15.01
"Richland",39139,2012,42894,14.82,15.01
"Richland",39139,2013,41835,15.71,14.92
"Richland",39139,2014,42042,16.32,15.86
"Richland",39139,2015,41877,17.01,15.66
"Richland",39139,2016,42849,16.54,16.4
"Richland",39139,2017,44138,15.55,17.18
"Richland",39139,2018,47346,14.26,17.81
"Richland",39139,2019,49547,13.51,18.32
"Richland",39139,2020,49186,13.7,17.78
"Richland",39139,2021,52605,13.61,17.83
"Richland",39139,2022,56557,13.87,17.75
"Richland",39139,2023,57649,13.94,17.88
"Richland",39139,2024,57649,13.94,17.88
"Ross",39141,2003,44089,19.14,13.71
"Ross",39141,2004,44089,19.14,13.71
"Ross",39141,2005,44089,19.14,13.71
"Ross",39141,2006,44089,19.14,13.71
"Ross",39141,2007,44089,19.14,13.71
"Ross",39141,2008,44089,19.14,13.71
"Ross",39141,2009,44089,19.14,13.71
"Ross",39141,2010,44089,19.14,13.71
"Ross",39141,2011,44089,19.14,13.71
"Ross",39141,2012,44089,19.14,13.71
"Ross",39141,2013,43264,19.71,13.73
"Ross",39141,2014,43450,19.39,15.02
"Ross",39141,2015,43345,19.3,14.69
"Ross",39141,2016,44587,18.85,15.3
"Ross",39141,2017,45792,18.2,15.97
"Ross",39141,2018,48403,17.86,16.64
"Ross",39141,2019,51092,17.33,15.77
"Ross",39141,2020,51508,16.31,16.16
"Ross",39141,2021,54004,16.52,16.86
"Ross",39141,2022,58048,16.11,16.53
"Ross",39141,2023,59819,16.8,17.11
"Ross",39141,2024,59819,16.8,17.11
"Sandusky",39143,2003,46785,13.87,13.32
"Sandusky",39143,2004,46785,13.87,13.32
"Sandusky",39143,2005,46785,13.87,13.32
"Sandusky",39143,2006,46785,13.87,13.32
"Sandusky",39143,2007,46785,13.87,13.32
"Sandusky",39143,2008,46785,13.87,13.32
"Sandusky",39143,2009,46785,13.87,13.32
"Sandusky",39143,2010,46785,13.87,13.32
"Sandusky",39143,2011,46785,13.87,13.32
"Sandusky",39143,2012,46785,13.87,13.32
"Sandusky",39143,2013,46140,14.26,13.73
"Sandusky",39143,2014,46099,14.68,14.09
"Sandusky",39143,2015,47209,14.31,14.51
"Sandusky",39143,2016,49032,13.2,14.82
"Sandusky",39143,2017,50370,13.57,15.17
"Sandusky",39143,2018,51701,13.56,16.01
"Sandusky",39143,2019,54089,11.62,16.1
"Sandusky",39143,2020,55245,12.19,16.45
"Sandusky",39143,2021,56414,12.9,18.14
"Sandusky",39143,2022,60814,12.96,18.33
"Sandusky",39143,2023,62500,13.24,19.11
"Sandusky",39143,2024,62500,13.24,19.11
"Scioto",39145,2003,34783,22.96,13.98
"Scioto",39145,2004,34783,22.96,13.98
"Scioto",39145,2005,34783,22.96,13.98
"Scioto",39145,2006,34783,22.96,13.98
"Scioto",39145,2007,34783,22.96,13.98
"Scioto",39145,2008,34783,22.96,13.98
"Scioto",39145,2009,34783,22.96,13.98
"Scioto",39145,2010,34783,22.96,13.98
"Scioto",39145,2011,34783,22.96,13.98
"Scioto",39145,2012,34783,22.96,13.98
"Scioto",39145,2013,35379,23.32,14.23
"Scioto",39145,2014,36945,24.52,14.39
"Scioto",39145,2015,35903,25.31,14.39
"Scioto",39145,2016,37936,23.97,14.99
"Scioto",39145,2017,38978,23.91,15.21
"Scioto",39145,2018,39731,23.58,14.97
"Scioto",39145,2019,41330,22.55,15.7
"Scioto",39145,2020,41866,23,15.6
"Scioto",39145,2021,43266,23.82,16.39
"Scioto",39145,2022,46360,23.79,17.56
"Scioto",39145,2023,49571,22.37,17.95
"Scioto",39145,2024,49571,22.37,17.95
"Seneca",39147,2003,42375,14.91,15.73
"Seneca",39147,2004,42375,14.91,15.73
"Seneca",39147,2005,42375,14.91,15.73
"Seneca",39147,2006,42375,14.91,15.73
"Seneca",39147,2007,42375,14.91,15.73
"Seneca",39147,2008,42375,14.91,15.73
"Seneca",39147,2009,42375,14.91,15.73
"Seneca",39147,2010,42375,14.91,15.73
"Seneca",39147,2011,42375,14.91,15.73
"Seneca",39147,2012,42375,14.91,15.73
"Seneca",39147,2013,43764,15.47,15.29
"Seneca",39147,2014,44947,17.05,14.66
"Seneca",39147,2015,45444,16.89,14.23
"Seneca",39147,2016,48415,15.55,14.71
"Seneca",39147,2017,49153,15.15,15.34
"Seneca",39147,2018,49936,14.7,15.2
"Seneca",39147,2019,52500,12.81,16.82
"Seneca",39147,2020,52897,12.71,17.34
"Seneca",39147,2021,56043,12.22,17.91
"Seneca",39147,2022,62476,11.63,18.86
"Seneca",39147,2023,65020,11.91,20.71
"Seneca",39147,2024,65020,11.91,20.71
"Shelby",39149,2003,51159,11.72,13.75
"Shelby",39149,2004,51159,11.72,13.75
"Shelby",39149,2005,51159,11.72,13.75
"Shelby",39149,2006,51159,11.72,13.75
"Shelby",39149,2007,51159,11.72,13.75
"Shelby",39149,2008,51159,11.72,13.75
"Shelby",39149,2009,51159,11.72,13.75
"Shelby",39149,2010,51159,11.72,13.75
"Shelby",39149,2011,51159,11.72,13.75
"Shelby",39149,2012,51159,11.72,13.75
"Shelby",39149,2013,50427,11.41,14.53
"Shelby",39149,2014,51266,11.44,15.58
"Shelby",39149,2015,54550,10.25,16.34
"Shelby",39149,2016,56169,9.54,17.09
"Shelby",39149,2017,57673,8.89,17.09
"Shelby",39149,2018,61042,9.11,17.4
"Shelby",39149,2019,63806,8.82,18.71
"Shelby",39149,2020,64522,10.01,19.27
"Shelby",39149,2021,66536,10.82,19.06
"Shelby",39149,2022,73502,10.92,20.65
"Shelby",39149,2023,72822,11.1,20.61
"Shelby",39149,2024,72822,11.1,20.61
"Stark",39151,2003,45689,14.48,20.67
"Stark",39151,2004,45689,14.48,20.67
"Stark",39151,2005,45689,14.48,20.67
"Stark",39151,2006,45689,14.48,20.67
"Stark",39151,2007,45689,14.48,20.67
"Stark",39151,2008,45689,14.48,20.67
"Stark",39151,2009,45689,14.48,20.67
"Stark",39151,2010,45689,14.48,20.67
"Stark",39151,2011,45689,14.48,20.67
"Stark",39151,2012,45689,14.48,20.67
"Stark",39151,2013,45641,14.95,21.14
"Stark",39151,2014,46290,15.01,21.47
"Stark",39151,2015,47137,14.69,21.9
"Stark",39151,2016,48714,14.11,22.63
"Stark",39151,2017,50117,13.96,22.76
"Stark",39151,2018,52190,13.86,22.79
"Stark",39151,2019,53860,13.56,22.8
"Stark",39151,2020,55045,13.32,23.5
"Stark",39151,2021,58170,13.35,23.58
"Stark",39151,2022,63130,13.17,24.09
"Stark",39151,2023,65740,12.74,24.98
"Stark",39151,2024,65740,12.74,24.98
"Summit",39153,2003,49227,14.84,29.39
"Summit",39153,2004,49227,14.84,29.39
"Summit",39153,2005,49227,14.84,29.39
"Summit",39153,2006,49227,14.84,29.39
"Summit",39153,2007,49227,14.84,29.39
"Summit",39153,2008,49227,14.84,29.39
"Summit",39153,2009,49227,14.84,29.39
"Summit",39153,2010,49227,14.84,29.39
"Summit",39153,2011,49227,14.84,29.39
"Summit",39153,2012,49227,14.84,29.39
"Summit",39153,2013,49669,15.35,29.6
"Summit",39153,2014,50082,14.73,29.93
"Summit",39153,2015,50765,14.76,30.35
"Summit",39153,2016,51562,14.25,30.71
"Summit",39153,2017,53291,13.57,31.61
"Summit",39153,2018,55448,13.06,32.06
"Summit",39153,2019,57181,13.22,32.46
"Summit",39153,2020,59253,12.78,32.76
"Summit",39153,2021,63111,12.64,33.94
"Summit",39153,2022,68360,12.41,34.58
"Summit",39153,2023,71016,12.65,35.29
"Summit",39153,2024,71016,12.65,35.29
"Trumbull",39155,2003,42488,16.81,16.36
"Trumbull",39155,2004,42488,16.81,16.36
"Trumbull",39155,2005,42488,16.81,16.36
"Trumbull",39155,2006,42488,16.81,16.36
"Trumbull",39155,2007,42488,16.81,16.36
"Trumbull",39155,2008,42488,16.81,16.36
"Trumbull",39155,2009,42488,16.81,16.36
"Trumbull",39155,2010,42488,16.81,16.36
"Trumbull",39155,2011,42488,16.81,16.36
"Trumbull",39155,2012,42488,16.81,16.36
"Trumbull",39155,2013,42880,17.38,17.03
"Trumbull",39155,2014,43226,17.28,17.42
"Trumbull",39155,2015,43073,17.26,17.32
"Trumbull",39155,2016,43811,17.48,17.96
"Trumbull",39155,2017,45380,17.17,18.7
"Trumbull",39155,2018,45975,17.48,18.46
"Trumbull",39155,2019,47280,17.24,18.72
"Trumbull",39155,2020,47799,17.29,19.18
"Trumbull",39155,2021,50258,17.1,19.26
"Trumbull",39155,2022,53537,17.14,20.02
"Trumbull",39155,2023,55088,16.79,20.29
"Trumbull",39155,2024,55088,16.79,20.29
"Tuscarawas",39157,2003,43869,13.61,14.67
"Tuscarawas",39157,2004,43869,13.61,14.67
"Tuscarawas",39157,2005,43869,13.61,14.67
"Tuscarawas",39157,2006,43869,13.61,14.67
"Tuscarawas",39157,2007,43869,13.61,14.67
"Tuscarawas",39157,2008,43869,13.61,14.67
"Tuscarawas",39157,2009,43869,13.61,14.67
"Tuscarawas",39157,2010,43869,13.61,14.67
"Tuscarawas",39157,2011,43869,13.61,14.67
"Tuscarawas",39157,2012,43869,13.61,14.67
"Tuscarawas",39157,2013,43739,14.57,15.15
"Tuscarawas",39157,2014,44656,14.27,14.75
"Tuscarawas",39157,2015,45310,13.97,14.43
"Tuscarawas",39157,2016,46992,13.57,14.98
"Tuscarawas",39157,2017,49460,13.84,15.11
"Tuscarawas",39157,2018,51170,13.17,15.8
"Tuscarawas",39157,2019,53243,12.81,17.35
"Tuscarawas",39157,2020,54451,12.92,17.86
"Tuscarawas",39157,2021,57545,13.02,18.37
"Tuscarawas",39157,2022,61953,12.47,19.67
"Tuscarawas",39157,2023,64494,12.97,19.59
"Tuscarawas",39157,2024,64494,12.97,19.59
"Union",39159,2003,65866,7.34,27.79
"Union",39159,2004,65866,7.34,27.79
"Union",39159,2005,65866,7.34,27.79
"Union",39159,2006,65866,7.34,27.79
"Union",39159,2007,65866,7.34,27.79
"Union",39159,2008,65866,7.34,27.79
"Union",39159,2009,65866,7.34,27.79
"Union",39159,2010,65866,7.34,27.79
"Union",39159,2011,65866,7.34,27.79
"Union",39159,2012,65866,7.34,27.79
"Union",39159,2013,65086,7.82,27.04
"Union",39159,2014,64758,7.92,25.96
"Union",39159,2015,67382,8.7,26.25
"Union",39159,2016,71282,7.86,29.09
"Union",39159,2017,78848,7.4,30.8
"Union",39159,2018,82775,6.92,32.96
"Union",39159,2019,86715,5.89,35.53
"Union",39159,2020,88565,5.17,35.55
"Union",39159,2021,96634,4.72,37.8
"Union",39159,2022,104496,5.17,39.32
"Union",39159,2023,109506,5.06,39.1
"Union",39159,2024,109506,5.06,39.1
"Van Wert",39161,2003,44602,10.41,14.99
"Van Wert",39161,2004,44602,10.41,14.99
"Van Wert",39161,2005,44602,10.41,14.99
"Van Wert",39161,2006,44602,10.41,14.99
"Van Wert",39161,2007,44602,10.41,14.99
"Van Wert",39161,2008,44602,10.41,14.99
"Van Wert",39161,2009,44602,10.41,14.99
"Van Wert",39161,2010,44602,10.41,14.99
"Van Wert",39161,2011,44602,10.41,14.99
"Van Wert",39161,2012,44602,10.41,14.99
"Van Wert",39161,2013,45355,12.47,15.38
"Van Wert",39161,2014,46436,13.34,15.43
"Van Wert",39161,2015,48060,12.84,15.66
"Van Wert",39161,2016,50547,12.31,17.16
"Van Wert",39161,2017,50974,12.69,16.4
"Van Wert",39161,2018,52754,11.13,16.18
"Van Wert",39161,2019,54254,11.11,16.6
"Van Wert",39161,2020,55991,9.37,17.19
"Van Wert",39161,2021,59210,9.82,16.65
"Van Wert",39161,2022,64841,8.37,17.2
"Van Wert",39161,2023,65344,9.52,17
"Van Wert",39161,2024,65344,9.52,17
"Vinton",39163,2003,34432,21.4,7.94
"Vinton",39163,2004,34432,21.4,7.94
"Vinton",39163,2005,34432,21.4,7.94
"Vinton",39163,2006,34432,21.4,7.94
"Vinton",39163,2007,34432,21.4,7.94
"Vinton",39163,2008,34432,21.4,7.94
"Vinton",39163,2009,34432,21.4,7.94
"Vinton",39163,2010,34432,21.4,7.94
"Vinton",39163,2011,34432,21.4,7.94
"Vinton",39163,2012,34432,21.4,7.94
"Vinton",39163,2013,36705,20.64,8.5
"Vinton",39163,2014,37984,22.69,8.7
"Vinton",39163,2015,40680,20.72,9.15
"Vinton",39163,2016,41080,21.25,9.56
"Vinton",39163,2017,41541,21.09,10.31
"Vinton",39163,2018,42114,20.94,11.48
"Vinton",39163,2019,45673,18.97,12.78
"Vinton",39163,2020,45034,20.03,12.81
"Vinton",39163,2021,46653,18.86,13.08
"Vinton",39163,2022,50967,19.07,15.44
"Vinton",39163,2023,53813,16.72,15.12
"Vinton",39163,2024,53813,16.72,15.12
"Warren",39165,2003,72055,6.41,36.87
"Warren",39165,2004,72055,6.41,36.87
"Warren",39165,2005,72055,6.41,36.87
"Warren",39165,2006,72055,6.41,36.87
"Warren",39165,2007,72055,6.41,36.87
"Warren",39165,2008,72055,6.41,36.87
"Warren",39165,2009,72055,6.41,36.87
"Warren",39165,2010,72055,6.41,36.87
"Warren",39165,2011,72055,6.41,36.87
"Warren",39165,2012,72055,6.41,36.87
"Warren",39165,2013,72487,6.3,37.85
"Warren",39165,2014,73177,5.75,38.68
"Warren",39165,2015,74379,5.56,39.59
"Warren",39165,2016,76200,5.38,40.96
"Warren",39165,2017,79397,5.09,41.89
"Warren",39165,2018,83330,4.62,42.3
"Warren",39165,2019,87125,4.55,42.99
"Warren",39165,2020,89410,4.86,43.71
"Warren",39165,2021,95709,4.82,44.14
"Warren",39165,2022,103128,5.14,44.66
"Warren",39165,2023,107843,5.42,45.69
"Warren",39165,2024,107843,5.42,45.69
"Washington",39167,2003,43829,15.64,15.88
"Washington",39167,2004,43829,15.64,15.88
"Washington",39167,2005,43829,15.64,15.88
"Washington",39167,2006,43829,15.64,15.88
"Washington",39167,2007,43829,15.64,15.88
"Washington",39167,2008,43829,15.64,15.88
"Washington",39167,2009,43829,15.64,15.88
"Washington",39167,2010,43829,15.64,15.88
"Washington",39167,2011,43829,15.64,15.88
"Washington",39167,2012,43829,15.64,15.88
"Washington",39167,2013,42834,15.29,16.02
"Washington",39167,2014,43512,16.56,16.62
"Washington",39167,2015,43509,16.44,17.55
"Washington",39167,2016,44763,15.66,18.41
"Washington",39167,2017,46021,15.46,18.66
"Washington",39167,2018,48572,15.14,19.23
"Washington",39167,2019,50021,14.21,18.83
"Washington",39167,2020,51808,13.19,18.67
"Washington",39167,2021,54167,13.59,19.83
"Washington",39167,2022,59053,14.15,20.48
"Washington",39167,2023,61355,12.89,20.7
"Washington",39167,2024,61355,12.89,20.7
"Wayne",39169,2003,49241,11.75,19.37
"Wayne",39169,2004,49241,11.75,19.37
"Wayne",39169,2005,49241,11.75,19.37
"Wayne",39169,2006,49241,11.75,19.37
"Wayne",39169,2007,49241,11.75,19.37
"Wayne",39169,2008,49241,11.75,19.37
"Wayne",39169,2009,49241,11.75,19.37
"Wayne",39169,2010,49241,11.75,19.37
"Wayne",39169,2011,49241,11.75,19.37
"Wayne",39169,2012,49241,11.75,19.37
"Wayne",39169,2013,49135,12.39,20.03
"Wayne",39169,2014,49244,13.39,20.24
"Wayne",39169,2015,50383,13.24,21.19
"Wayne",39169,2016,51363,12.7,21.47
"Wayne",39169,2017,54037,13.04,20.98
"Wayne",39169,2018,56348,12.39,21.86
"Wayne",39169,2019,58300,11.28,22.2
"Wayne",39169,2020,61424,10.7,22.54
"Wayne",39169,2021,64594,10.02,23.4
"Wayne",39169,2022,70320,8.79,24.03
"Wayne",39169,2023,71769,8.73,24.72
"Wayne",39169,2024,71769,8.73,24.72
"Williams",39171,2003,43176,13.75,12.87
"Williams",39171,2004,43176,13.75,12.87
"Williams",39171,2005,43176,13.75,12.87
"Williams",39171,2006,43176,13.75,12.87
"Williams",39171,2007,43176,13.75,12.87
"Williams",39171,2008,43176,13.75,12.87
"Williams",39171,2009,43176,13.75,12.87
"Williams",39171,2010,43176,13.75,12.87
"Williams",39171,2011,43176,13.75,12.87
"Williams",39171,2012,43176,13.75,12.87
"Williams",39171,2013,43089,13.7,12.85
"Williams",39171,2014,42455,14.49,13.7
"Williams",39171,2015,42492,14.91,13.87
"Williams",39171,2016,45044,14.4,14.2
"Williams",39171,2017,47593,13.53,14.57
"Williams",39171,2018,49491,13.7,14.98
"Williams",39171,2019,53183,11.17,15.25
"Williams",39171,2020,52855,10.96,15.09
"Williams",39171,2021,55030,10.74,14.57
"Williams",39171,2022,60632,11.19,14.41
"Williams",39171,2023,61834,11.94,14.23
"Williams",39171,2024,61834,11.94,14.23
"Wood",39173,2003,53441,13.78,29.35
"Wood",39173,2004,53441,13.78,29.35
"Wood",39173,2005,53441,13.78,29.35
"Wood",39173,2006,53441,13.78,29.35
"Wood",39173,2007,53441,13.78,29.35
"Wood",39173,2008,53441,13.78,29.35
"Wood",39173,2009,53441,13.78,29.35
"Wood",39173,2010,53441,13.78,29.35
"Wood",39173,2011,53441,13.78,29.35
"Wood",39173,2012,53441,13.78,29.35
"Wood",39173,2013,52069,14.67,29.47
"Wood",39173,2014,52758,14.79,30.79
"Wood",39173,2015,53577,14.32,31.12
"Wood",39173,2016,55985,13.73,31.68
"Wood",39173,2017,58033,13.39,32.23
"Wood",39173,2018,59789,13.3,33.13
"Wood",39173,2019,62390,12.92,33.52
"Wood",39173,2020,63189,13.09,34.33
"Wood",39173,2021,66337,12.64,36.26
"Wood",39173,2022,70537,12.92,37.51
"Wood",39173,2023,73124,12.04,37.36
"Wood",39173,2024,73124,12.04,37.36
"Wyandot",39175,2003,46129,9.36,13.16
"Wyandot",39175,2004,46129,9.36,13.16
"Wyandot",39175,2005,46129,9.36,13.16
"Wyandot",39175,2006,46129,9.36,13.16
"Wyandot",39175,2007,46129,9.36,13.16
"Wyandot",39175,2008,46129,9.36,13.16
"Wyandot",39175,2009,46129,9.36,13.16
"Wyandot",39175,2010,46129,9.36,13.16
"Wyandot",39175,2011,46129,9.36,13.16
"Wyandot",39175,2012,46129,9.36,13.16
"Wyandot",39175,2013,44448,11.1,11.95
"Wyandot",39175,2014,46904,11.27,12.98
"Wyandot",39175,2015,47555,11.78,14.12
"Wyandot",39175,2016,50723,11.1,14.63
"Wyandot",39175,2017,49767,11.35,14.96
"Wyandot",39175,2018,52940,9.51,15.74
"Wyandot",39175,2019,55767,7.44,17.16
"Wyandot",39175,2020,57925,7.17,19.29
"Wyandot",39175,2021,61626,6.98,19.41
"Wyandot",39175,2022,68552,6.9,21.19
"Wyandot",39175,2023,71878,7.49,20.68
"Wyandot",39175,2024,71878,7.49,20.68
