"county_name","FIPS","year","temp_mean","precip","vpd"
"Adams",39001,2003,11.191,1414.6,5.551
"Adams",39001,2004,11.823,1235.5,6.056
"Adams",39001,2005,11.963,995.4,6.907
"Adams",39001,2006,12.379,1157.9,6.564
"Adams",39001,2007,12.623,962.2,8.07
"Adams",39001,2008,11.436,1201.4,7.076
"Adams",39001,2009,11.516,1174.3,6.237
"Adams",39001,2010,11.908,1135.8,7.241
"Adams",39001,2011,12.388,1553.7,6.52
"Adams",39001,2012,13.142,1017.9,7.748
"Adams",39001,2013,11.505,1142.1,6.111
"Adams",39001,2014,10.864,1103.1,6.384
"Adams",39001,2015,12.109,1343.1,6.519
"Adams",39001,2016,13.074,1175.6,7.298
"Adams",39001,2017,12.866,1181.4,6.596
"Adams",39001,2018,12.499,1705.6,6.047
"Adams",39001,2019,12.649,1499.9,6.531
"Adams",39001,2020,12.662,1265.4,6.293
"Adams",39001,2021,12.57,1328.9,6.174
"Adams",39001,2022,12.03,1249.5,6.629
"Adams",39001,2023,13.063,1073,6.783
"Adams",39001,2024,13.5,1150.3,7.252
"Allen",39003,2003,9.685,1226.8,4.855
"Allen",39003,2004,10.221,1109.9,5.024
"Allen",39003,2005,10.532,1099.8,6.059
"Allen",39003,2006,11.23,1012.8,5.718
"Allen",39003,2007,10.992,1196,6.997
"Allen",39003,2008,10.017,1125.5,6.346
"Allen",39003,2009,9.953,816.2,5.99
"Allen",39003,2010,10.744,887.3,6.577
"Allen",39003,2011,10.959,1404.2,6.184
"Allen",39003,2012,12.178,895,7.828
"Allen",39003,2013,10.277,1102.3,5.858
"Allen",39003,2014,9.032,988.3,5.597
"Allen",39003,2015,10.518,1297.2,5.77
"Allen",39003,2016,11.682,916.5,6.305
"Allen",39003,2017,11.363,1213.9,5.771
"Allen",39003,2018,10.613,1160.7,5.247
"Allen",39003,2019,10.632,1265.7,5.682
"Allen",39003,2020,11.314,1063.1,6.293
"Allen",39003,2021,11.459,1081,6.383
"Allen",39003,2022,10.667,936.4,6.615
"Allen",39003,2023,11.825,844.5,6.321
"Allen",39003,2024,12.549,1038.1,6.909
"Ashland",39005,2003,8.823,1175.6,4.485
"Ashland",39005,2004,9.227,1143.3,4.504
"Ashland",39005,2005,9.632,1040.2,5.608
"Ashland",39005,2006,10.378,926.3,5.437
"Ashland",39005,2007,10.001,1176.7,6.26
"Ashland",39005,2008,9.224,1106.4,5.873
"Ashland",39005,2009,9.128,973.3,5.484
"Ashland",39005,2010,9.914,900.3,6.221
"Ashland",39005,2011,10.302,1448.4,5.312
"Ashland",39005,2012,11.126,901.4,6.567
"Ashland",39005,2013,9.488,1177.6,5.106
"Ashland",39005,2014,8.467,1030.4,5.121
"Ashland",39005,2015,9.788,1011.8,5.588
"Ashland",39005,2016,10.962,911.6,6.33
"Ashland",39005,2017,10.826,1156.9,5.71
"Ashland",39005,2018,10.299,1300.1,5.212
"Ashland",39005,2019,10.424,1226.9,5.605
"Ashland",39005,2020,10.864,1036.9,5.868
"Ashland",39005,2021,10.89,1027.6,5.938
"Ashland",39005,2022,10.021,1016.3,5.98
"Ashland",39005,2023,11.204,1099.9,5.94
"Ashland",39005,2024,11.583,871,6.386
"Ashtabula",39007,2003,8.873,1241.2,4.728
"Ashtabula",39007,2004,9.485,1240.1,4.887
"Ashtabula",39007,2005,9.575,1125.3,5.527
"Ashtabula",39007,2006,10.155,1310.3,5.183
"Ashtabula",39007,2007,9.434,1159.8,5.692
"Ashtabula",39007,2008,8.991,1323.3,5.383
"Ashtabula",39007,2009,8.666,1012.7,5.058
"Ashtabula",39007,2010,9.419,1038.4,5.378
"Ashtabula",39007,2011,9.697,1640.1,4.979
"Ashtabula",39007,2012,10.73,1121.9,5.961
"Ashtabula",39007,2013,9.036,1291.4,4.971
"Ashtabula",39007,2014,7.893,1244,4.778
"Ashtabula",39007,2015,9.047,1132.3,5.217
"Ashtabula",39007,2016,10.28,1149.8,5.548
"Ashtabula",39007,2017,10.163,1253.5,5.025
"Ashtabula",39007,2018,9.599,1336.8,4.439
"Ashtabula",39007,2019,9.593,1291.2,4.837
"Ashtabula",39007,2020,10.306,1168.2,5.233
"Ashtabula",39007,2021,10.63,1148.7,5.268
"Ashtabula",39007,2022,9.687,1171.9,5.486
"Ashtabula",39007,2023,10.749,1123.4,5.241
"Ashtabula",39007,2024,11.388,1088.2,5.332
"Athens",39009,2003,10.72,1284.9,5.268
"Athens",39009,2004,11.338,1293.5,5.616
"Athens",39009,2005,11.557,980.7,6.661
"Athens",39009,2006,11.847,1080.6,6.351
"Athens",39009,2007,11.926,954.3,7.692
"Athens",39009,2008,10.821,1131.2,6.741
"Athens",39009,2009,10.96,1024.9,6.368
"Athens",39009,2010,11.358,1122.8,7.223
"Athens",39009,2011,11.85,1486.6,6.28
"Athens",39009,2012,12.556,1045.9,7.617
"Athens",39009,2013,11.056,1162.9,5.988
"Athens",39009,2014,10.28,986.5,6.359
"Athens",39009,2015,11.465,1180.5,6.464
"Athens",39009,2016,12.422,983.2,7.12
"Athens",39009,2017,12.332,1177.1,6.355
"Athens",39009,2018,11.78,1592.7,5.73
"Athens",39009,2019,11.834,1363,6.445
"Athens",39009,2020,12.062,1193.4,6.381
"Athens",39009,2021,12.057,1179.7,6.53
"Athens",39009,2022,11.408,1204,6.408
"Athens",39009,2023,12.405,1020.1,6.84
"Athens",39009,2024,13.393,933.5,7.97
"Auglaize",39011,2003,9.802,1375.9,4.955
"Auglaize",39011,2004,10.362,1069.1,5.171
"Auglaize",39011,2005,10.63,1185.8,6.13
"Auglaize",39011,2006,11.296,1092.4,5.77
"Auglaize",39011,2007,11.094,1137.7,7.092
"Auglaize",39011,2008,10.073,1147.1,6.373
"Auglaize",39011,2009,10.033,793.7,6.007
"Auglaize",39011,2010,10.748,922.5,6.593
"Auglaize",39011,2011,10.987,1429.1,6.163
"Auglaize",39011,2012,12.151,894.8,7.69
"Auglaize",39011,2013,10.258,1051,5.76
"Auglaize",39011,2014,9.033,971.1,5.671
"Auglaize",39011,2015,10.529,1248.9,5.671
"Auglaize",39011,2016,11.682,865.7,6.341
"Auglaize",39011,2017,11.433,1282.8,5.789
"Auglaize",39011,2018,10.718,1209.7,5.132
"Auglaize",39011,2019,10.595,1285.5,5.609
"Auglaize",39011,2020,11.123,1097.9,6.044
"Auglaize",39011,2021,11.278,1043.1,6.105
"Auglaize",39011,2022,10.526,962.4,6.325
"Auglaize",39011,2023,11.636,871.7,6.118
"Auglaize",39011,2024,12.392,1041,6.759
"Belmont",39013,2003,10.119,1219.3,4.785
"Belmont",39013,2004,10.73,1403.4,4.981
"Belmont",39013,2005,11.016,1045.9,6.186
"Belmont",39013,2006,11.359,1004.8,5.885
"Belmont",39013,2007,11.008,1128.4,6.718
"Belmont",39013,2008,10.293,1137.8,6.093
"Belmont",39013,2009,10.174,931.5,5.635
"Belmont",39013,2010,10.725,970.7,6.526
"Belmont",39013,2011,11.293,1405,5.724
"Belmont",39013,2012,12.023,1048,6.987
"Belmont",39013,2013,10.519,1072.6,5.397
"Belmont",39013,2014,9.653,982.7,5.584
"Belmont",39013,2015,10.934,1126.6,6.014
"Belmont",39013,2016,11.866,1041.8,6.696
"Belmont",39013,2017,11.653,1206.1,5.83
"Belmont",39013,2018,11.078,1614.9,5.201
"Belmont",39013,2019,11.215,1322.6,5.668
"Belmont",39013,2020,11.474,1168.6,5.712
"Belmont",39013,2021,11.387,1082.3,5.545
"Belmont",39013,2022,10.508,1233.4,5.402
"Belmont",39013,2023,11.654,1066.6,5.695
"Belmont",39013,2024,12.622,943.4,6.875
"Brown",39015,2003,10.8,1301.3,5.265
"Brown",39015,2004,11.438,1266,5.809
"Brown",39015,2005,11.626,1032.2,6.583
"Brown",39015,2006,12.3,1181.6,6.321
"Brown",39015,2007,12.587,998.8,8.007
"Brown",39015,2008,11.38,1184.6,6.946
"Brown",39015,2009,11.467,1181.1,6.112
"Brown",39015,2010,11.826,1061.3,7.133
"Brown",39015,2011,12.347,1551.5,6.459
"Brown",39015,2012,13.072,1088.1,7.591
"Brown",39015,2013,11.331,1196.1,5.867
"Brown",39015,2014,10.623,1119.2,6.098
"Brown",39015,2015,11.954,1366.2,6.307
"Brown",39015,2016,12.962,1177.9,7.047
"Brown",39015,2017,12.745,1269.7,6.46
"Brown",39015,2018,12.4,1589.9,5.966
"Brown",39015,2019,12.637,1519.3,6.55
"Brown",39015,2020,12.621,1293.7,6.325
"Brown",39015,2021,12.281,1284.5,6.018
"Brown",39015,2022,11.727,1249.2,6.395
"Brown",39015,2023,12.844,1108,6.579
"Brown",39015,2024,13.434,1165.7,7.128
"Butler",39017,2003,11.092,1172.1,5.504
"Butler",39017,2004,11.719,1082.1,6.113
"Butler",39017,2005,11.936,1054.1,6.728
"Butler",39017,2006,12.374,1067,6.321
"Butler",39017,2007,12.667,970.4,8.159
"Butler",39017,2008,11.387,1129.3,6.991
"Butler",39017,2009,11.337,1000.2,6.29
"Butler",39017,2010,11.74,933.1,7.326
"Butler",39017,2011,12.348,1575.1,6.95
"Butler",39017,2012,13.045,938.3,7.737
"Butler",39017,2013,11.251,1159.5,5.998
"Butler",39017,2014,10.484,1100.3,6.428
"Butler",39017,2015,11.856,1229.8,6.63
"Butler",39017,2016,12.81,1068.6,7.391
"Butler",39017,2017,12.532,1254,6.603
"Butler",39017,2018,12.023,1380.1,6.112
"Butler",39017,2019,12.241,1283.9,6.516
"Butler",39017,2020,12.37,1136.2,6.351
"Butler",39017,2021,12.277,1148,6.362
"Butler",39017,2022,11.618,1129.3,6.657
"Butler",39017,2023,12.958,1014.9,7.183
"Butler",39017,2024,13.493,1151.9,7.351
"Carroll",39019,2003,9.745,1229,4.869
"Carroll",39019,2004,10.333,1433.6,5.017
"Carroll",39019,2005,10.577,1050.7,6.213
"Carroll",39019,2006,11.152,1052,5.894
"Carroll",39019,2007,10.669,1203.2,6.561
"Carroll",39019,2008,9.906,1111.4,6.061
"Carroll",39019,2009,9.803,900.6,5.749
"Carroll",39019,2010,10.504,987.1,6.43
"Carroll",39019,2011,10.953,1412.6,5.757
"Carroll",39019,2012,11.85,891.6,7.11
"Carroll",39019,2013,10.223,1019.2,5.519
"Carroll",39019,2014,9.447,1061.2,5.634
"Carroll",39019,2015,10.707,1041.7,6.19
"Carroll",39019,2016,11.661,1001.8,6.963
"Carroll",39019,2017,11.48,1253.9,6.036
"Carroll",39019,2018,10.864,1476,5.416
"Carroll",39019,2019,11.02,1358.9,5.861
"Carroll",39019,2020,11.487,1185.6,6.13
"Carroll",39019,2021,11.439,1022.5,5.964
"Carroll",39019,2022,10.601,1186.9,6.192
"Carroll",39019,2023,11.571,1031,6.126
"Carroll",39019,2024,12.018,974.7,6.348
"Champaign",39021,2003,9.859,1221.7,5.007
"Champaign",39021,2004,10.497,1050.8,5.365
"Champaign",39021,2005,10.663,1163.2,6.055
"Champaign",39021,2006,11.129,1100.6,5.717
"Champaign",39021,2007,10.935,1100.1,6.864
"Champaign",39021,2008,9.916,1138.8,6.224
"Champaign",39021,2009,9.875,915,5.64
"Champaign",39021,2010,10.524,947.1,6.357
"Champaign",39021,2011,10.728,1532.9,5.648
"Champaign",39021,2012,11.742,870.4,7.045
"Champaign",39021,2013,9.883,1080.1,5.311
"Champaign",39021,2014,9.004,966.1,5.32
"Champaign",39021,2015,10.282,1104,5.502
"Champaign",39021,2016,11.422,907.5,6.064
"Champaign",39021,2017,11.397,1154.8,5.615
"Champaign",39021,2018,10.624,1292.6,5.107
"Champaign",39021,2019,10.482,1182.1,5.438
"Champaign",39021,2020,10.837,1107.9,5.564
"Champaign",39021,2021,11.015,1103.3,5.584
"Champaign",39021,2022,10.222,1128.5,5.726
"Champaign",39021,2023,11.41,1013.6,5.639
"Champaign",39021,2024,12.152,1060.1,6.684
"Clark",39023,2003,10.014,1213.3,4.871
"Clark",39023,2004,10.744,1048.9,5.373
"Clark",39023,2005,10.941,1088.5,6.046
"Clark",39023,2006,11.4,1110.1,5.671
"Clark",39023,2007,11.328,1065.2,6.897
"Clark",39023,2008,10.249,1101.4,6.227
"Clark",39023,2009,10.257,969.9,5.64
"Clark",39023,2010,10.795,940.1,6.276
"Clark",39023,2011,11.174,1567.3,5.698
"Clark",39023,2012,12.034,869.2,7.083
"Clark",39023,2013,10.256,1065.9,5.342
"Clark",39023,2014,9.363,974.8,5.37
"Clark",39023,2015,10.772,1169.4,5.636
"Clark",39023,2016,11.97,965.7,6.23
"Clark",39023,2017,11.771,1218.2,5.768
"Clark",39023,2018,11.087,1331.4,5.255
"Clark",39023,2019,11.06,1126,5.667
"Clark",39023,2020,11.351,1131.3,5.725
"Clark",39023,2021,11.359,1116.7,5.813
"Clark",39023,2022,10.619,1120,6.03
"Clark",39023,2023,11.758,995.8,5.966
"Clark",39023,2024,12.538,1010.3,6.803
"Clermont",39025,2003,11.627,1277.1,5.495
"Clermont",39025,2004,12.326,1292.2,5.979
"Clermont",39025,2005,12.609,1049.3,6.897
"Clermont",39025,2006,12.857,1192.8,6.594
"Clermont",39025,2007,13.242,992.6,8.484
"Clermont",39025,2008,12.036,1168.4,7.329
"Clermont",39025,2009,12.049,1103.6,6.379
"Clermont",39025,2010,12.414,1043.4,7.513
"Clermont",39025,2011,12.943,1610.4,6.792
"Clermont",39025,2012,13.705,1124.9,7.897
"Clermont",39025,2013,11.834,1272.3,6.093
"Clermont",39025,2014,11.195,1082.8,6.394
"Clermont",39025,2015,12.269,1365.4,6.363
"Clermont",39025,2016,13.233,1205.3,7.088
"Clermont",39025,2017,13.093,1279.8,6.72
"Clermont",39025,2018,12.705,1533.2,6.191
"Clermont",39025,2019,12.879,1537.7,6.608
"Clermont",39025,2020,12.895,1263.5,6.396
"Clermont",39025,2021,12.643,1227.4,6.222
"Clermont",39025,2022,12.054,1213.1,6.526
"Clermont",39025,2023,13.174,1037.1,6.891
"Clermont",39025,2024,13.763,1162.1,7.372
"Clinton",39027,2003,10.421,1171.8,4.728
"Clinton",39027,2004,11.148,1143.2,5.443
"Clinton",39027,2005,11.279,1074.5,6.192
"Clinton",39027,2006,11.851,1192.8,5.867
"Clinton",39027,2007,12.004,988.3,7.454
"Clinton",39027,2008,10.914,1133.5,6.613
"Clinton",39027,2009,10.923,923.5,5.765
"Clinton",39027,2010,11.275,961.5,6.611
"Clinton",39027,2011,11.89,1490,5.998
"Clinton",39027,2012,12.636,939.5,7.242
"Clinton",39027,2013,10.92,1120,5.551
"Clinton",39027,2014,10.02,1036,5.777
"Clinton",39027,2015,11.447,1213.2,6.083
"Clinton",39027,2016,12.418,1050.2,6.42
"Clinton",39027,2017,12.128,1269.5,5.68
"Clinton",39027,2018,11.726,1406.8,5.402
"Clinton",39027,2019,11.901,1355.6,6.087
"Clinton",39027,2020,12.066,1091.2,6.098
"Clinton",39027,2021,12.144,1165.8,6.177
"Clinton",39027,2022,11.65,1155.5,6.548
"Clinton",39027,2023,12.699,1042.8,6.705
"Clinton",39027,2024,13.139,1063.4,6.951
"Columbiana",39029,2003,9.324,1282.5,5.022
"Columbiana",39029,2004,9.9,1433.3,5.178
"Columbiana",39029,2005,10.106,1023,6.345
"Columbiana",39029,2006,10.792,1013,5.915
"Columbiana",39029,2007,10.235,1149.3,6.555
"Columbiana",39029,2008,9.5,1024.1,5.939
"Columbiana",39029,2009,9.344,857.6,5.669
"Columbiana",39029,2010,10.14,962.9,6.394
"Columbiana",39029,2011,10.555,1293.4,5.783
"Columbiana",39029,2012,11.42,925.4,7.001
"Columbiana",39029,2013,9.77,994.9,5.513
"Columbiana",39029,2014,8.93,1027.7,5.571
"Columbiana",39029,2015,10.175,985.1,6.142
"Columbiana",39029,2016,11.112,988.3,6.728
"Columbiana",39029,2017,10.95,1149.7,5.933
"Columbiana",39029,2018,10.353,1377.3,5.197
"Columbiana",39029,2019,10.461,1261.9,5.669
"Columbiana",39029,2020,11.086,1143,6.191
"Columbiana",39029,2021,11.007,999.2,5.969
"Columbiana",39029,2022,10.292,1082.9,6.34
"Columbiana",39029,2023,11.367,1000.3,6.24
"Columbiana",39029,2024,11.872,1015.9,6.566
"Coshocton",39031,2003,9.931,1145.6,4.881
"Coshocton",39031,2004,10.44,1392.5,4.936
"Coshocton",39031,2005,10.78,1056.4,6.027
"Coshocton",39031,2006,11.227,1083.5,5.82
"Coshocton",39031,2007,10.93,1071,6.613
"Coshocton",39031,2008,10.158,1092.8,6.242
"Coshocton",39031,2009,10.066,861.2,5.811
"Coshocton",39031,2010,10.638,950.6,6.464
"Coshocton",39031,2011,11.119,1408.4,5.704
"Coshocton",39031,2012,12.058,961.6,7.172
"Coshocton",39031,2013,10.503,1144.5,5.629
"Coshocton",39031,2014,9.554,1122.7,5.616
"Coshocton",39031,2015,10.728,1104.1,5.953
"Coshocton",39031,2016,11.759,975.5,6.768
"Coshocton",39031,2017,11.522,1116,5.82
"Coshocton",39031,2018,10.971,1422.5,5.297
"Coshocton",39031,2019,11.206,1274.7,5.732
"Coshocton",39031,2020,11.402,1167.4,5.777
"Coshocton",39031,2021,11.382,1078,5.896
"Coshocton",39031,2022,10.518,1141.6,5.878
"Coshocton",39031,2023,11.602,1045.4,6.075
"Coshocton",39031,2024,12.263,1010.1,6.682
"Crawford",39033,2003,9.235,1166.2,4.854
"Crawford",39033,2004,9.653,1104.1,4.817
"Crawford",39033,2005,10.064,1077.5,6.045
"Crawford",39033,2006,10.775,1061.9,5.734
"Crawford",39033,2007,10.441,1231.5,6.624
"Crawford",39033,2008,9.579,1139.3,6.237
"Crawford",39033,2009,9.349,879.3,5.689
"Crawford",39033,2010,10.226,967.6,6.518
"Crawford",39033,2011,10.514,1411.3,5.642
"Crawford",39033,2012,11.44,922.6,7.044
"Crawford",39033,2013,9.645,1236.7,5.339
"Crawford",39033,2014,8.529,904,5.391
"Crawford",39033,2015,9.96,1047.7,5.815
"Crawford",39033,2016,11.195,930.7,6.523
"Crawford",39033,2017,11.181,1126,6.075
"Crawford",39033,2018,10.785,1149.3,5.729
"Crawford",39033,2019,10.913,1175.9,6.102
"Crawford",39033,2020,11.279,1089.3,6.202
"Crawford",39033,2021,11.433,1097.5,6.188
"Crawford",39033,2022,10.627,999.1,6.431
"Crawford",39033,2023,11.658,1023.2,6.172
"Crawford",39033,2024,12.212,996.2,6.844
"Cuyahoga",39035,2003,9.619,1152.5,4.767
"Cuyahoga",39035,2004,10.477,1082.4,5.415
"Cuyahoga",39035,2005,10.654,1061.8,6.224
"Cuyahoga",39035,2006,11.133,1120.8,5.748
"Cuyahoga",39035,2007,10.678,1110,6.68
"Cuyahoga",39035,2008,9.934,1196.7,6.087
"Cuyahoga",39035,2009,9.912,976.5,5.599
"Cuyahoga",39035,2010,10.848,942.7,6.278
"Cuyahoga",39035,2011,10.849,1627,5.429
"Cuyahoga",39035,2012,11.897,1117.6,6.705
"Cuyahoga",39035,2013,10.16,1144.2,5.341
"Cuyahoga",39035,2014,9.095,1179.3,5.278
"Cuyahoga",39035,2015,10.216,1090.7,5.795
"Cuyahoga",39035,2016,11.619,979.8,6.718
"Cuyahoga",39035,2017,11.52,1199.8,6.285
"Cuyahoga",39035,2018,10.737,1322.1,5.552
"Cuyahoga",39035,2019,10.884,1165.6,5.955
"Cuyahoga",39035,2020,11.345,1390,6.075
"Cuyahoga",39035,2021,11.538,1103.2,6.087
"Cuyahoga",39035,2022,10.707,1134.1,6.404
"Cuyahoga",39035,2023,11.586,1245.3,5.732
"Cuyahoga",39035,2024,12.409,1021.2,6.385
"Darke",39037,2003,9.737,1282.6,5.099
"Darke",39037,2004,10.438,992.9,5.401
"Darke",39037,2005,10.704,1155.6,6.263
"Darke",39037,2006,11.176,1054.9,5.812
"Darke",39037,2007,10.958,1080.7,7.201
"Darke",39037,2008,9.925,1146.5,6.4
"Darke",39037,2009,9.947,879.8,5.944
"Darke",39037,2010,10.504,916.9,6.479
"Darke",39037,2011,10.904,1394.4,6.013
"Darke",39037,2012,12.033,856.7,7.511
"Darke",39037,2013,10.315,1019.1,5.738
"Darke",39037,2014,9.103,943.7,5.454
"Darke",39037,2015,10.658,1163,5.757
"Darke",39037,2016,11.782,922.6,6.333
"Darke",39037,2017,11.6,1172,5.88
"Darke",39037,2018,10.788,1271.4,5.222
"Darke",39037,2019,10.87,1185.3,5.784
"Darke",39037,2020,11.166,1050.4,5.999
"Darke",39037,2021,11.292,1119.5,6.276
"Darke",39037,2022,10.5,897.2,6.531
"Darke",39037,2023,11.6,866,6.252
"Darke",39037,2024,12.273,1028.5,6.724
"Defiance",39039,2003,9.07,1056.7,5.34
"Defiance",39039,2004,9.84,935.5,5.384
"Defiance",39039,2005,10.087,909.7,6.335
"Defiance",39039,2006,10.819,982.1,5.758
"Defiance",39039,2007,10.296,1078,6.647
"Defiance",39039,2008,9.29,1071.4,6.085
"Defiance",39039,2009,9.262,1028.1,5.763
"Defiance",39039,2010,10.517,830.6,7.035
"Defiance",39039,2011,10.333,1346.9,6.28
"Defiance",39039,2012,11.756,644,8.014
"Defiance",39039,2013,9.637,935.3,5.983
"Defiance",39039,2014,8.26,889,5.675
"Defiance",39039,2015,9.767,1000.4,5.928
"Defiance",39039,2016,11.18,944.1,6.748
"Defiance",39039,2017,10.747,1068.9,6.22
"Defiance",39039,2018,10.023,1023.9,5.435
"Defiance",39039,2019,9.871,1149.2,5.609
"Defiance",39039,2020,10.778,792.8,6.638
"Defiance",39039,2021,10.892,1076.9,6.161
"Defiance",39039,2022,10.128,889,6.349
"Defiance",39039,2023,11.242,813.3,6.289
"Defiance",39039,2024,11.818,911.8,6.609
"Delaware",39041,2003,10.08,1210.4,5.041
"Delaware",39041,2004,10.717,1186.2,5.361
"Delaware",39041,2005,10.891,1147,6.286
"Delaware",39041,2006,11.507,958.7,6.072
"Delaware",39041,2007,11.299,1067.3,7.096
"Delaware",39041,2008,10.587,1049,6.802
"Delaware",39041,2009,10.43,963.4,6.093
"Delaware",39041,2010,10.9,885.4,6.67
"Delaware",39041,2011,11.164,1455.9,5.779
"Delaware",39041,2012,12.091,985.8,7.314
"Delaware",39041,2013,10.303,1137.2,5.601
"Delaware",39041,2014,9.296,1019.4,5.719
"Delaware",39041,2015,10.605,1138,5.984
"Delaware",39041,2016,11.737,1017.3,6.514
"Delaware",39041,2017,11.784,1083.4,6.057
"Delaware",39041,2018,11.162,1279.8,5.579
"Delaware",39041,2019,11.261,1169.9,6.153
"Delaware",39041,2020,11.458,1221.6,6.016
"Delaware",39041,2021,11.758,1073.1,6.138
"Delaware",39041,2022,10.638,1102.9,6.066
"Delaware",39041,2023,11.729,1023.8,6.039
"Delaware",39041,2024,12.476,1021.9,6.859
"Erie",39043,2003,9.458,1036,4.529
"Erie",39043,2004,9.99,1018.5,4.672
"Erie",39043,2005,10.427,1026.9,5.841
"Erie",39043,2006,11.183,1143.7,5.611
"Erie",39043,2007,10.642,1077.4,6.363
"Erie",39043,2008,9.86,1086.1,5.61
"Erie",39043,2009,9.854,804.5,5.456
"Erie",39043,2010,10.778,937.2,6.128
"Erie",39043,2011,10.946,1311.2,5.558
"Erie",39043,2012,12.066,955.8,6.933
"Erie",39043,2013,10.209,1075.5,5.386
"Erie",39043,2014,9.095,978.4,5.376
"Erie",39043,2015,10.327,1051.2,5.674
"Erie",39043,2016,11.686,872.4,6.458
"Erie",39043,2017,11.459,1121.1,6.112
"Erie",39043,2018,10.675,1103.3,5.744
"Erie",39043,2019,10.799,1040.8,5.959
"Erie",39043,2020,11.43,1042.6,6.312
"Erie",39043,2021,11.685,944.3,6.381
"Erie",39043,2022,10.84,838.9,6.187
"Erie",39043,2023,11.751,1078.2,5.555
"Erie",39043,2024,12.337,942.3,6.439
"Fairfield",39045,2003,10.351,1146.9,5.148
"Fairfield",39045,2004,10.939,1363.8,5.565
"Fairfield",39045,2005,10.992,1100.2,6.42
"Fairfield",39045,2006,11.626,1110.2,6.364
"Fairfield",39045,2007,11.55,1079.2,7.483
"Fairfield",39045,2008,10.66,1212.1,6.884
"Fairfield",39045,2009,10.698,1038.8,6.244
"Fairfield",39045,2010,10.967,976.2,6.749
"Fairfield",39045,2011,11.604,1502.2,6.025
"Fairfield",39045,2012,12.473,927.9,7.683
"Fairfield",39045,2013,10.845,1125.3,5.858
"Fairfield",39045,2014,9.956,994,6.108
"Fairfield",39045,2015,11.161,1110.2,6.176
"Fairfield",39045,2016,12.175,1010.8,6.747
"Fairfield",39045,2017,12.135,1231.5,6.142
"Fairfield",39045,2018,11.505,1421.1,5.506
"Fairfield",39045,2019,11.59,1373.4,6.221
"Fairfield",39045,2020,11.778,1135.1,6.208
"Fairfield",39045,2021,11.911,1040.4,6.227
"Fairfield",39045,2022,11.07,1210.7,6.137
"Fairfield",39045,2023,12.041,1012.8,6.177
"Fairfield",39045,2024,12.932,987.1,7.191
"Fayette",39047,2003,10.435,1213.8,4.779
"Fayette",39047,2004,11.185,1167.9,5.412
"Fayette",39047,2005,11.262,1007.4,6.105
"Fayette",39047,2006,11.737,1192.6,5.788
"Fayette",39047,2007,11.842,1019.4,7.2
"Fayette",39047,2008,10.731,1145.2,6.396
"Fayette",39047,2009,10.768,974.9,5.732
"Fayette",39047,2010,11.131,924.8,6.411
"Fayette",39047,2011,11.652,1527.9,5.832
"Fayette",39047,2012,12.398,867.4,7.117
"Fayette",39047,2013,10.68,985.4,5.47
"Fayette",39047,2014,9.69,937.7,5.603
"Fayette",39047,2015,11.08,1116.1,5.904
"Fayette",39047,2016,12.191,956.8,6.358
"Fayette",39047,2017,11.929,1245.7,5.738
"Fayette",39047,2018,11.43,1354.5,5.285
"Fayette",39047,2019,11.467,1258.8,5.982
"Fayette",39047,2020,11.753,1056.2,6.079
"Fayette",39047,2021,11.721,1125.5,6.06
"Fayette",39047,2022,11.074,1163.6,6.273
"Fayette",39047,2023,12.114,964.9,6.325
"Fayette",39047,2024,12.897,988.5,7.057
"Franklin",39049,2003,10.78,1174,5.357
"Franklin",39049,2004,11.481,1208.6,5.95
"Franklin",39049,2005,11.445,1125.7,6.757
"Franklin",39049,2006,12.093,1091.3,6.564
"Franklin",39049,2007,12.203,1032.5,7.898
"Franklin",39049,2008,11.101,1070.2,7.061
"Franklin",39049,2009,11.116,917.1,6.571
"Franklin",39049,2010,11.404,926.5,7.024
"Franklin",39049,2011,11.967,1441.6,6.369
"Franklin",39049,2012,12.925,878.3,8.103
"Franklin",39049,2013,11.066,1078.4,6.005
"Franklin",39049,2014,10.075,1022.9,6.178
"Franklin",39049,2015,11.278,1185,6.105
"Franklin",39049,2016,12.37,1008,6.699
"Franklin",39049,2017,12.265,1204.6,6.093
"Franklin",39049,2018,11.686,1432.1,5.763
"Franklin",39049,2019,11.823,1141,6.432
"Franklin",39049,2020,12.023,1192.8,6.337
"Franklin",39049,2021,12.374,1094.4,6.513
"Franklin",39049,2022,11.529,1159.1,6.561
"Franklin",39049,2023,12.598,998.9,6.656
"Franklin",39049,2024,13.443,931.2,7.658
"Fulton",39051,2003,8.956,974.7,5.364
"Fulton",39051,2004,9.593,863.2,5.408
"Fulton",39051,2005,9.866,851.2,6.398
"Fulton",39051,2006,10.654,1191.8,5.82
"Fulton",39051,2007,10.006,1082.4,6.552
"Fulton",39051,2008,9.124,1027.6,6.056
"Fulton",39051,2009,8.976,945.3,5.657
"Fulton",39051,2010,10.322,871.2,6.767
"Fulton",39051,2011,10.086,1308.9,6.073
"Fulton",39051,2012,11.559,724.4,7.755
"Fulton",39051,2013,9.453,985.9,5.764
"Fulton",39051,2014,8.127,823.7,5.423
"Fulton",39051,2015,9.555,943.8,5.664
"Fulton",39051,2016,10.933,908.9,6.399
"Fulton",39051,2017,10.705,971.9,6.137
"Fulton",39051,2018,9.929,1021.3,5.329
"Fulton",39051,2019,9.793,1158.4,5.699
"Fulton",39051,2020,10.595,790.3,6.395
"Fulton",39051,2021,10.781,1086.6,5.877
"Fulton",39051,2022,9.968,829.9,6.067
"Fulton",39051,2023,11.056,874.7,6.03
"Fulton",39051,2024,11.715,894.9,6.468
"Gallia",39053,2003,11.627,1313,5.734
"Gallia",39053,2004,12.248,1328.1,6.156
"Gallia",39053,2005,12.344,879.7,7.296
"Gallia",39053,2006,12.551,1051.8,7.366
"Gallia",39053,2007,12.794,919.1,8.807
"Gallia",39053,2008,11.602,1186,7.488
"Gallia",39053,2009,11.673,1100.8,6.526
"Gallia",39053,2010,11.994,1119.9,7.36
"Gallia",39053,2011,12.378,1561.4,6.442
"Gallia",39053,2012,13.16,1085.6,7.905
"Gallia",39053,2013,11.772,1175.8,6.394
"Gallia",39053,2014,11.141,1086,6.773
"Gallia",39053,2015,12.232,1263,6.685
"Gallia",39053,2016,13.192,987,7.615
"Gallia",39053,2017,12.985,1107.6,6.697
"Gallia",39053,2018,12.648,1517.1,6.11
"Gallia",39053,2019,12.749,1312.1,6.813
"Gallia",39053,2020,12.916,1247.6,6.547
"Gallia",39053,2021,12.878,1141,6.522
"Gallia",39053,2022,12.454,1059.8,6.836
"Gallia",39053,2023,13.379,957.1,7.178
"Gallia",39053,2024,13.986,980,7.942
"Geauga",39055,2003,8.355,1317.2,4.217
"Geauga",39055,2004,8.9,1225.8,4.319
"Geauga",39055,2005,9.153,1174.1,5.358
"Geauga",39055,2006,9.784,1355.6,5.033
"Geauga",39055,2007,9.187,1276.9,5.66
"Geauga",39055,2008,8.486,1377,5.223
"Geauga",39055,2009,8.218,1078,4.954
"Geauga",39055,2010,9.125,1107.3,5.418
"Geauga",39055,2011,9.403,1742.6,4.851
"Geauga",39055,2012,10.34,1203.6,5.859
"Geauga",39055,2013,8.699,1231,4.638
"Geauga",39055,2014,7.641,1277.3,4.607
"Geauga",39055,2015,8.841,1188.2,5.135
"Geauga",39055,2016,10.018,1184,5.608
"Geauga",39055,2017,9.87,1313.4,5.08
"Geauga",39055,2018,9.323,1408.4,4.608
"Geauga",39055,2019,9.275,1272.6,4.903
"Geauga",39055,2020,9.862,1369.8,5.218
"Geauga",39055,2021,10.053,1227.2,5.468
"Geauga",39055,2022,9.168,1220.4,5.621
"Geauga",39055,2023,10.243,1292.7,5.232
"Geauga",39055,2024,11.354,1168.6,5.54
"Greene",39057,2003,10.465,1239.1,4.925
"Greene",39057,2004,11.154,1129.7,5.446
"Greene",39057,2005,11.384,1052.9,6.14
"Greene",39057,2006,11.884,1116.6,5.775
"Greene",39057,2007,11.99,997.8,7.348
"Greene",39057,2008,10.897,1116.9,6.515
"Greene",39057,2009,10.902,938,5.846
"Greene",39057,2010,11.317,961.2,6.526
"Greene",39057,2011,11.906,1508.7,6.044
"Greene",39057,2012,12.685,854.9,7.357
"Greene",39057,2013,10.932,1119.4,5.663
"Greene",39057,2014,10.037,1101,5.765
"Greene",39057,2015,11.47,1258,6.075
"Greene",39057,2016,12.501,1053.3,6.585
"Greene",39057,2017,12.173,1229.1,6.006
"Greene",39057,2018,11.652,1360.1,5.652
"Greene",39057,2019,11.792,1176.3,6.281
"Greene",39057,2020,11.978,1119.7,6.221
"Greene",39057,2021,12.029,1183.6,6.035
"Greene",39057,2022,11.403,1097.7,6.319
"Greene",39057,2023,12.334,1019,6.299
"Greene",39057,2024,13.101,1049.9,7.084
"Guernsey",39059,2003,10.417,1167.4,5.197
"Guernsey",39059,2004,10.913,1478.2,5.283
"Guernsey",39059,2005,11.193,1070.6,6.441
"Guernsey",39059,2006,11.617,1105.7,6.244
"Guernsey",39059,2007,11.318,1189.1,7.101
"Guernsey",39059,2008,10.705,1137,6.699
"Guernsey",39059,2009,10.566,810.1,6.235
"Guernsey",39059,2010,11.129,934.6,7.018
"Guernsey",39059,2011,11.665,1377.1,6.197
"Guernsey",39059,2012,12.455,978.8,7.586
"Guernsey",39059,2013,10.926,1066.9,6.028
"Guernsey",39059,2014,10.07,995.5,6.135
"Guernsey",39059,2015,11.307,1051.1,6.543
"Guernsey",39059,2016,12.257,968.4,7.331
"Guernsey",39059,2017,11.888,1093.8,6.148
"Guernsey",39059,2018,11.286,1444.5,5.564
"Guernsey",39059,2019,11.282,1266.2,5.925
"Guernsey",39059,2020,11.52,1184.6,5.737
"Guernsey",39059,2021,11.459,1130.7,5.76
"Guernsey",39059,2022,10.602,1313.2,5.67
"Guernsey",39059,2023,11.726,1102.3,5.891
"Guernsey",39059,2024,12.715,913.5,6.996
"Hamilton",39061,2003,11.726,1283.1,5.575
"Hamilton",39061,2004,12.422,1269.1,6.141
"Hamilton",39061,2005,12.728,1088.3,6.927
"Hamilton",39061,2006,12.985,1143.7,6.712
"Hamilton",39061,2007,13.347,1008.8,8.655
"Hamilton",39061,2008,12.128,1184.7,7.347
"Hamilton",39061,2009,12.118,1022.6,6.397
"Hamilton",39061,2010,12.505,947.2,7.574
"Hamilton",39061,2011,13.059,1798.1,6.956
"Hamilton",39061,2012,13.767,1040,7.987
"Hamilton",39061,2013,11.899,1240.7,6.053
"Hamilton",39061,2014,11.134,1047.5,6.423
"Hamilton",39061,2015,12.301,1260.9,6.45
"Hamilton",39061,2016,13.262,1110.9,7.058
"Hamilton",39061,2017,13.101,1274.8,6.642
"Hamilton",39061,2018,12.678,1507.1,6.286
"Hamilton",39061,2019,12.788,1436,6.809
"Hamilton",39061,2020,12.873,1240.9,6.568
"Hamilton",39061,2021,12.74,1168.7,6.561
"Hamilton",39061,2022,12.124,1108.4,6.715
"Hamilton",39061,2023,13.266,991.8,7.23
"Hamilton",39061,2024,14.002,1169.2,7.907
"Hancock",39063,2003,9.621,1030.4,4.98
"Hancock",39063,2004,10.197,910.3,5.275
"Hancock",39063,2005,10.476,1006,6.275
"Hancock",39063,2006,11.309,1030,6.085
"Hancock",39063,2007,10.943,1134.5,7.079
"Hancock",39063,2008,10.024,1052.1,6.549
"Hancock",39063,2009,9.941,815.4,6.092
"Hancock",39063,2010,10.802,818,6.745
"Hancock",39063,2011,10.878,1415.5,6.073
"Hancock",39063,2012,12.118,850.4,7.513
"Hancock",39063,2013,10.197,1091.7,5.744
"Hancock",39063,2014,9.046,818.8,5.75
"Hancock",39063,2015,10.563,1024.6,6.088
"Hancock",39063,2016,11.849,805.1,7.089
"Hancock",39063,2017,11.513,1134.2,6.372
"Hancock",39063,2018,10.77,1034.6,5.65
"Hancock",39063,2019,10.885,1128,6.118
"Hancock",39063,2020,11.561,910,6.68
"Hancock",39063,2021,11.721,980.5,6.576
"Hancock",39063,2022,10.926,839.9,6.844
"Hancock",39063,2023,11.911,820.3,6.496
"Hancock",39063,2024,12.558,891.4,7.212
"Hardin",39065,2003,9.767,1257.1,4.924
"Hardin",39065,2004,10.298,1103.3,5.105
"Hardin",39065,2005,10.541,1101.5,6.054
"Hardin",39065,2006,11.236,1096.7,5.812
"Hardin",39065,2007,10.927,1179.9,6.862
"Hardin",39065,2008,10.015,1168.7,6.38
"Hardin",39065,2009,9.88,870.5,5.842
"Hardin",39065,2010,10.66,910,6.511
"Hardin",39065,2011,10.877,1571,5.936
"Hardin",39065,2012,12.023,965.4,7.417
"Hardin",39065,2013,10.217,1140.7,5.666
"Hardin",39065,2014,9.058,914.7,5.562
"Hardin",39065,2015,10.48,1096.6,5.798
"Hardin",39065,2016,11.656,892.1,6.445
"Hardin",39065,2017,11.435,1176.6,5.866
"Hardin",39065,2018,10.73,1209.6,5.335
"Hardin",39065,2019,10.787,1150.2,5.816
"Hardin",39065,2020,11.295,1046.7,6.124
"Hardin",39065,2021,11.487,961.1,6.201
"Hardin",39065,2022,10.626,968.1,6.35
"Hardin",39065,2023,11.695,925,5.906
"Hardin",39065,2024,12.306,1012.3,6.451
"Harrison",39067,2003,9.943,1164.8,4.785
"Harrison",39067,2004,10.602,1460.2,4.958
"Harrison",39067,2005,10.91,1059.6,6.165
"Harrison",39067,2006,11.31,1022.8,5.863
"Harrison",39067,2007,10.884,1212.8,6.57
"Harrison",39067,2008,10.135,1095.5,6.087
"Harrison",39067,2009,10.059,867,5.783
"Harrison",39067,2010,10.711,965.4,6.535
"Harrison",39067,2011,11.231,1436.2,5.801
"Harrison",39067,2012,12.04,956.6,7.108
"Harrison",39067,2013,10.431,1077.3,5.491
"Harrison",39067,2014,9.623,1054.3,5.619
"Harrison",39067,2015,10.893,1085.1,6.087
"Harrison",39067,2016,11.849,1020,6.861
"Harrison",39067,2017,11.622,1202.1,5.918
"Harrison",39067,2018,11.032,1512,5.317
"Harrison",39067,2019,11.182,1321.2,5.763
"Harrison",39067,2020,11.513,1148.7,5.893
"Harrison",39067,2021,11.475,1069,5.695
"Harrison",39067,2022,10.564,1240.4,5.674
"Harrison",39067,2023,11.634,1078.3,5.856
"Harrison",39067,2024,12.367,926.2,6.699
"Henry",39069,2003,9.229,1000,5.342
"Henry",39069,2004,9.785,923.7,5.264
"Henry",39069,2005,10.113,945.5,6.365
"Henry",39069,2006,10.966,1050.5,5.895
"Henry",39069,2007,10.396,1100.8,6.726
"Henry",39069,2008,9.589,1077.8,6.329
"Henry",39069,2009,9.577,952.9,5.996
"Henry",39069,2010,10.687,775.8,6.941
"Henry",39069,2011,10.62,1340.3,6.338
"Henry",39069,2012,12.139,652.2,8.103
"Henry",39069,2013,10,991.4,6.095
"Henry",39069,2014,8.58,851.5,5.768
"Henry",39069,2015,10.028,978.6,6.004
"Henry",39069,2016,11.37,856.6,6.765
"Henry",39069,2017,10.961,1064.5,6.148
"Henry",39069,2018,10.168,1034.3,5.463
"Henry",39069,2019,10.163,1141,5.88
"Henry",39069,2020,11.04,801.2,6.789
"Henry",39069,2021,11.236,1093.9,6.409
"Henry",39069,2022,10.409,880.2,6.566
"Henry",39069,2023,11.543,815.2,6.476
"Henry",39069,2024,12.05,931.9,6.677
"Highland",39071,2003,10.633,1205,4.828
"Highland",39071,2004,11.263,1221,5.351
"Highland",39071,2005,11.347,1024,6.023
"Highland",39071,2006,11.872,1136.1,5.76
"Highland",39071,2007,12.157,959,7.42
"Highland",39071,2008,11.057,1107.1,6.571
"Highland",39071,2009,11.134,1046.5,5.804
"Highland",39071,2010,11.474,981.1,6.643
"Highland",39071,2011,12.016,1551.3,6.122
"Highland",39071,2012,12.726,1022.5,7.314
"Highland",39071,2013,11.014,1103.8,5.677
"Highland",39071,2014,10.226,1053.1,5.916
"Highland",39071,2015,11.593,1254.5,6.167
"Highland",39071,2016,12.612,1121.3,6.745
"Highland",39071,2017,12.318,1220.4,6.006
"Highland",39071,2018,11.942,1430.7,5.607
"Highland",39071,2019,12.03,1422.8,6.206
"Highland",39071,2020,12.087,1211.6,6.132
"Highland",39071,2021,12.001,1270.1,6.255
"Highland",39071,2022,11.476,1218.2,6.496
"Highland",39071,2023,12.54,1013.7,6.636
"Highland",39071,2024,13.175,1061.4,7.099
"Hocking",39073,2003,10.337,1303.6,5.187
"Hocking",39073,2004,10.895,1375.9,5.465
"Hocking",39073,2005,11.136,1077.2,6.382
"Hocking",39073,2006,11.541,1130.7,6.116
"Hocking",39073,2007,11.467,1028.6,7.273
"Hocking",39073,2008,10.475,1189.1,6.495
"Hocking",39073,2009,10.626,1015.1,6.096
"Hocking",39073,2010,11.09,1053.1,6.832
"Hocking",39073,2011,11.602,1583.9,6.028
"Hocking",39073,2012,12.377,1021.1,7.477
"Hocking",39073,2013,10.815,1107.6,5.799
"Hocking",39073,2014,9.956,962.2,6.042
"Hocking",39073,2015,11.173,1101.9,6.199
"Hocking",39073,2016,12.171,996.1,6.84
"Hocking",39073,2017,12.091,1242,6.172
"Hocking",39073,2018,11.449,1560.9,5.531
"Hocking",39073,2019,11.421,1372.7,6.145
"Hocking",39073,2020,11.578,1102.5,6.095
"Hocking",39073,2021,11.865,1072.9,6.218
"Hocking",39073,2022,11.124,1248.7,6.172
"Hocking",39073,2023,12.131,965.1,6.393
"Hocking",39073,2024,13.181,969.2,7.48
"Holmes",39075,2003,9.362,1162.7,4.607
"Holmes",39075,2004,9.848,1253.2,4.607
"Holmes",39075,2005,10.187,1127.2,5.687
"Holmes",39075,2006,10.73,934.5,5.48
"Holmes",39075,2007,10.405,1177.4,6.338
"Holmes",39075,2008,9.611,1013.7,5.933
"Holmes",39075,2009,9.512,892.6,5.516
"Holmes",39075,2010,10.17,980.1,6.132
"Holmes",39075,2011,10.613,1393.1,5.405
"Holmes",39075,2012,11.447,826.8,6.723
"Holmes",39075,2013,9.841,1088.8,5.187
"Holmes",39075,2014,8.924,1177.8,5.196
"Holmes",39075,2015,10.235,1063.5,5.695
"Holmes",39075,2016,11.296,945.3,6.458
"Holmes",39075,2017,11.193,1214.5,5.725
"Holmes",39075,2018,10.629,1397.6,5.192
"Holmes",39075,2019,10.745,1270.3,5.596
"Holmes",39075,2020,11.051,1095.1,5.791
"Holmes",39075,2021,10.983,998.1,5.78
"Holmes",39075,2022,10.126,1088.4,5.85
"Holmes",39075,2023,11.35,989.6,6.082
"Holmes",39075,2024,11.766,989.6,5.975
"Huron",39077,2003,9.083,1108.2,4.658
"Huron",39077,2004,9.507,1080.5,4.718
"Huron",39077,2005,9.96,1060.7,5.883
"Huron",39077,2006,10.754,1098.2,5.701
"Huron",39077,2007,10.311,1177.7,6.436
"Huron",39077,2008,9.481,1166.7,5.969
"Huron",39077,2009,9.416,924.4,5.659
"Huron",39077,2010,10.34,893.3,6.479
"Huron",39077,2011,10.576,1416.6,5.628
"Huron",39077,2012,11.567,954.9,7.02
"Huron",39077,2013,9.761,1214.8,5.45
"Huron",39077,2014,8.648,1012,5.454
"Huron",39077,2015,9.969,1073.5,5.792
"Huron",39077,2016,11.224,955.5,6.541
"Huron",39077,2017,11.075,1141.9,6.109
"Huron",39077,2018,10.432,1169.5,5.627
"Huron",39077,2019,10.577,1122.5,5.935
"Huron",39077,2020,11.085,1132.8,6.212
"Huron",39077,2021,11.307,1121.5,6.226
"Huron",39077,2022,10.452,939.2,6.392
"Huron",39077,2023,11.418,1059.3,5.845
"Huron",39077,2024,11.972,948.3,6.588
"Jackson",39079,2003,11.173,1321.6,5.475
"Jackson",39079,2004,11.801,1291.9,5.842
"Jackson",39079,2005,11.952,928.8,6.827
"Jackson",39079,2006,12.166,1089.8,6.464
"Jackson",39079,2007,12.278,985.4,7.73
"Jackson",39079,2008,11.09,1189.4,6.668
"Jackson",39079,2009,11.22,1066.4,6.099
"Jackson",39079,2010,11.683,1098.6,7.069
"Jackson",39079,2011,12.074,1579.7,6.148
"Jackson",39079,2012,12.901,1072.1,7.601
"Jackson",39079,2013,11.356,1117,6.071
"Jackson",39079,2014,10.51,1029.7,6.155
"Jackson",39079,2015,11.703,1323.7,6.314
"Jackson",39079,2016,12.7,1040.3,6.988
"Jackson",39079,2017,12.527,1174.5,6.309
"Jackson",39079,2018,12.106,1551.2,5.692
"Jackson",39079,2019,12.169,1363.4,6.394
"Jackson",39079,2020,12.371,1223,6.285
"Jackson",39079,2021,12.324,1135.3,6.011
"Jackson",39079,2022,11.864,1065.1,6.399
"Jackson",39079,2023,12.854,971.3,6.796
"Jackson",39079,2024,13.481,1002.2,7.367
"Jefferson",39081,2003,10.228,1194.6,5.052
"Jefferson",39081,2004,10.946,1477.6,5.331
"Jefferson",39081,2005,11.175,1087,6.441
"Jefferson",39081,2006,11.565,992.8,6.146
"Jefferson",39081,2007,11.086,1189.7,6.805
"Jefferson",39081,2008,10.319,1070.6,6.155
"Jefferson",39081,2009,10.19,873.9,5.772
"Jefferson",39081,2010,10.838,1006.6,6.645
"Jefferson",39081,2011,11.381,1337.2,5.963
"Jefferson",39081,2012,12.219,966.4,7.255
"Jefferson",39081,2013,10.507,1022.1,5.516
"Jefferson",39081,2014,9.672,1068.1,5.667
"Jefferson",39081,2015,10.927,1078.6,6.169
"Jefferson",39081,2016,11.864,1068.5,6.858
"Jefferson",39081,2017,11.641,1175.3,5.983
"Jefferson",39081,2018,11.019,1583.3,5.237
"Jefferson",39081,2019,11.282,1325.5,5.735
"Jefferson",39081,2020,11.697,1180.8,6.162
"Jefferson",39081,2021,11.761,1133,5.895
"Jefferson",39081,2022,10.778,1280.3,5.87
"Jefferson",39081,2023,11.829,993.3,6.136
"Jefferson",39081,2024,12.461,960.9,6.853
"Knox",39083,2003,8.951,1118.3,4.459
"Knox",39083,2004,9.41,1235.5,4.484
"Knox",39083,2005,9.691,1144.7,5.458
"Knox",39083,2006,10.345,904.1,5.26
"Knox",39083,2007,9.973,1123,6.067
"Knox",39083,2008,9.481,1034,6.045
"Knox",39083,2009,9.308,907.6,5.473
"Knox",39083,2010,9.878,933.2,6.03
"Knox",39083,2011,10.377,1362.6,5.241
"Knox",39083,2012,11.312,960,6.606
"Knox",39083,2013,9.939,1216.1,5.239
"Knox",39083,2014,8.79,1117.6,5.117
"Knox",39083,2015,10.028,1142,5.449
"Knox",39083,2016,11.124,965.9,6.165
"Knox",39083,2017,10.96,1237.1,5.405
"Knox",39083,2018,10.431,1325.3,4.84
"Knox",39083,2019,10.447,1215.5,5.299
"Knox",39083,2020,10.727,1216.3,5.554
"Knox",39083,2021,10.809,1069.4,5.657
"Knox",39083,2022,9.975,1176.8,5.572
"Knox",39083,2023,11.225,1087.1,5.769
"Knox",39083,2024,11.873,1016.9,6.212
"Lake",39085,2003,9.474,1188.9,4.428
"Lake",39085,2004,10.255,1033.5,5.136
"Lake",39085,2005,10.434,1048.5,5.829
"Lake",39085,2006,11.008,1359.8,5.448
"Lake",39085,2007,10.39,1143.3,6.158
"Lake",39085,2008,9.795,1366.9,5.609
"Lake",39085,2009,9.437,1060.1,5
"Lake",39085,2010,10.257,1028.9,5.4
"Lake",39085,2011,10.384,1717.1,4.822
"Lake",39085,2012,11.447,1135.7,5.983
"Lake",39085,2013,9.782,1331.6,4.778
"Lake",39085,2014,8.643,1204.6,4.858
"Lake",39085,2015,9.657,1092.1,5.549
"Lake",39085,2016,11.067,1090.1,5.604
"Lake",39085,2017,10.821,1234.6,5.107
"Lake",39085,2018,10.217,1269.7,5.155
"Lake",39085,2019,10.242,1168.1,5.43
"Lake",39085,2020,10.838,1282.9,5.785
"Lake",39085,2021,11.146,1113.8,5.731
"Lake",39085,2022,10.174,1200,5.877
"Lake",39085,2023,11.134,1298.2,5.334
"Lake",39085,2024,12.253,1143.1,5.639
"Lawrence",39087,2003,12.012,1378,5.995
"Lawrence",39087,2004,12.61,1411.4,6.457
"Lawrence",39087,2005,12.675,932.5,7.658
"Lawrence",39087,2006,12.723,1101.3,7.314
"Lawrence",39087,2007,12.981,920.2,8.746
"Lawrence",39087,2008,11.772,1140.2,7.454
"Lawrence",39087,2009,11.829,1242,6.428
"Lawrence",39087,2010,12.233,1211.7,7.499
"Lawrence",39087,2011,12.753,1615,6.694
"Lawrence",39087,2012,13.465,1071.4,7.927
"Lawrence",39087,2013,11.906,1217.2,6.421
"Lawrence",39087,2014,11.321,1142.1,6.695
"Lawrence",39087,2015,12.517,1308.7,6.564
"Lawrence",39087,2016,13.386,1070.6,7.567
"Lawrence",39087,2017,13.232,1186.5,6.875
"Lawrence",39087,2018,12.967,1538.1,6.175
"Lawrence",39087,2019,13.201,1381,6.832
"Lawrence",39087,2020,13.256,1272.4,6.485
"Lawrence",39087,2021,13.33,1240.4,6.525
"Lawrence",39087,2022,12.904,1125.4,7.02
"Lawrence",39087,2023,13.852,963.2,7.317
"Lawrence",39087,2024,14.445,1142.9,8.167
"Licking",39089,2003,9.653,1175.8,4.678
"Licking",39089,2004,10.231,1301.9,4.944
"Licking",39089,2005,10.459,1220.7,5.828
"Licking",39089,2006,11.024,1118.4,5.652
"Licking",39089,2007,10.784,1132.7,6.519
"Licking",39089,2008,10.145,1186.6,6.261
"Licking",39089,2009,10.046,953.5,5.7
"Licking",39089,2010,10.462,914.7,6.359
"Licking",39089,2011,11.058,1376.7,5.603
"Licking",39089,2012,12.034,1065.2,7.113
"Licking",39089,2013,10.413,1146.1,5.436
"Licking",39089,2014,9.402,1108.4,5.541
"Licking",39089,2015,10.697,1152.9,5.836
"Licking",39089,2016,11.759,1013.6,6.564
"Licking",39089,2017,11.584,1152.8,5.853
"Licking",39089,2018,10.997,1420.5,5.173
"Licking",39089,2019,11.135,1285.1,5.834
"Licking",39089,2020,11.395,1233.6,5.926
"Licking",39089,2021,11.459,1143.7,5.997
"Licking",39089,2022,10.609,1272.5,5.893
"Licking",39089,2023,11.533,1032.5,5.856
"Licking",39089,2024,12.464,1054.6,6.787
"Logan",39091,2003,9.876,1316.8,5.013
"Logan",39091,2004,10.367,1122,5.197
"Logan",39091,2005,10.553,1232.4,5.991
"Logan",39091,2006,11.073,1076.7,5.646
"Logan",39091,2007,10.923,1076.5,6.837
"Logan",39091,2008,9.947,1150.5,6.258
"Logan",39091,2009,9.916,850.1,5.777
"Logan",39091,2010,10.552,939.4,6.38
"Logan",39091,2011,10.841,1569,5.818
"Logan",39091,2012,11.845,969.9,7.082
"Logan",39091,2013,10.042,1158.4,5.375
"Logan",39091,2014,8.896,965.7,5.273
"Logan",39091,2015,10.24,1136.5,5.556
"Logan",39091,2016,11.389,933.8,6.178
"Logan",39091,2017,11.262,1159.7,5.664
"Logan",39091,2018,10.565,1222.8,5.141
"Logan",39091,2019,10.512,1213,5.524
"Logan",39091,2020,10.867,1166.6,5.619
"Logan",39091,2021,11.082,1030.3,5.751
"Logan",39091,2022,10.275,1035.9,5.886
"Logan",39091,2023,11.462,974.2,5.809
"Logan",39091,2024,12.164,1052.8,6.789
"Lorain",39093,2003,9.563,1076.7,4.659
"Lorain",39093,2004,10.063,1139.1,4.922
"Lorain",39093,2005,10.463,1067.1,6.024
"Lorain",39093,2006,11.299,1099.9,6.053
"Lorain",39093,2007,10.618,1134.3,6.528
"Lorain",39093,2008,9.794,1197,5.966
"Lorain",39093,2009,9.991,915.5,5.841
"Lorain",39093,2010,11.007,886.4,6.633
"Lorain",39093,2011,10.963,1447,5.613
"Lorain",39093,2012,11.888,1071.7,6.838
"Lorain",39093,2013,10.291,1123.7,5.647
"Lorain",39093,2014,9.25,1070.1,5.687
"Lorain",39093,2015,10.1,1008,5.693
"Lorain",39093,2016,11.462,932.4,6.638
"Lorain",39093,2017,11.324,1115.2,6.371
"Lorain",39093,2018,10.547,1277.5,5.84
"Lorain",39093,2019,10.803,1094.1,6.254
"Lorain",39093,2020,11.307,1213.6,6.427
"Lorain",39093,2021,11.52,1112.1,6.108
"Lorain",39093,2022,10.693,975.7,6.398
"Lorain",39093,2023,11.641,1141.6,5.827
"Lorain",39093,2024,12.159,955.1,6.481
"Lucas",39095,2003,9.241,985.5,5.074
"Lucas",39095,2004,10.012,889.1,5.36
"Lucas",39095,2005,10.17,877,6.094
"Lucas",39095,2006,10.996,1123.6,5.795
"Lucas",39095,2007,10.43,1012.2,6.498
"Lucas",39095,2008,9.708,1039.1,6.147
"Lucas",39095,2009,9.515,889.5,5.657
"Lucas",39095,2010,10.821,861.9,6.733
"Lucas",39095,2011,10.598,1293.3,6.019
"Lucas",39095,2012,11.902,775.6,7.388
"Lucas",39095,2013,9.835,1036.1,5.602
"Lucas",39095,2014,8.63,880.4,5.574
"Lucas",39095,2015,10.038,981.8,5.768
"Lucas",39095,2016,11.383,884.4,6.433
"Lucas",39095,2017,11.153,998,6.011
"Lucas",39095,2018,10.506,992.5,5.71
"Lucas",39095,2019,10.485,1082.3,5.854
"Lucas",39095,2020,11.201,805.2,6.528
"Lucas",39095,2021,11.61,1080.9,6.545
"Lucas",39095,2022,10.817,776.2,6.832
"Lucas",39095,2023,11.75,912.1,6.242
"Lucas",39095,2024,12.249,955.1,6.672
"Madison",39097,2003,10.294,1170.7,5.192
"Madison",39097,2004,11.194,1104.5,5.871
"Madison",39097,2005,11.247,1058.3,6.594
"Madison",39097,2006,11.666,1097.6,6.197
"Madison",39097,2007,11.629,1024.1,7.491
"Madison",39097,2008,10.526,1040.1,6.662
"Madison",39097,2009,10.517,911.2,6.056
"Madison",39097,2010,10.944,902.7,6.603
"Madison",39097,2011,11.173,1496.5,5.787
"Madison",39097,2012,11.97,894.4,7.158
"Madison",39097,2013,10.224,990.5,5.413
"Madison",39097,2014,9.249,946.4,5.443
"Madison",39097,2015,10.655,1121.2,5.656
"Madison",39097,2016,11.998,967,6.295
"Madison",39097,2017,11.826,1181.3,5.786
"Madison",39097,2018,11.149,1335.2,5.308
"Madison",39097,2019,11.227,1079.1,5.924
"Madison",39097,2020,11.48,1045.4,5.964
"Madison",39097,2021,11.57,1072,5.933
"Madison",39097,2022,10.773,1061,6.137
"Madison",39097,2023,11.925,984.4,6.231
"Madison",39097,2024,12.769,935.9,7.284
"Mahoning",39099,2003,8.829,1298,4.811
"Mahoning",39099,2004,9.369,1293.8,4.903
"Mahoning",39099,2005,9.713,981.6,6.115
"Mahoning",39099,2006,10.415,1135.8,5.748
"Mahoning",39099,2007,9.832,1145.5,6.408
"Mahoning",39099,2008,9.161,1044.3,5.865
"Mahoning",39099,2009,8.976,938.1,5.601
"Mahoning",39099,2010,9.823,941.5,6.252
"Mahoning",39099,2011,10.219,1314.7,5.651
"Mahoning",39099,2012,11.104,979.3,6.795
"Mahoning",39099,2013,9.435,930.8,5.37
"Mahoning",39099,2014,8.525,1043.2,5.37
"Mahoning",39099,2015,9.81,1023,6.022
"Mahoning",39099,2016,10.799,920.8,6.575
"Mahoning",39099,2017,10.645,1104.8,5.858
"Mahoning",39099,2018,10.079,1309.2,5.132
"Mahoning",39099,2019,10.064,1286,5.57
"Mahoning",39099,2020,10.638,1156.2,5.987
"Mahoning",39099,2021,10.605,972.6,5.925
"Mahoning",39099,2022,9.866,1044.6,6.194
"Mahoning",39099,2023,11.027,958.2,6.029
"Mahoning",39099,2024,11.652,1070.9,6.402
"Marion",39101,2003,9.609,1157.4,4.87
"Marion",39101,2004,10.111,1154.4,4.858
"Marion",39101,2005,10.431,1124.6,6.036
"Marion",39101,2006,11.103,1046.5,5.76
"Marion",39101,2007,10.8,1128.7,6.731
"Marion",39101,2008,10.01,1089.8,6.453
"Marion",39101,2009,9.729,929.2,5.745
"Marion",39101,2010,10.49,898.4,6.435
"Marion",39101,2011,10.67,1529.4,5.551
"Marion",39101,2012,11.666,984.2,7.038
"Marion",39101,2013,9.888,1234.1,5.364
"Marion",39101,2014,8.899,928.3,5.512
"Marion",39101,2015,10.309,1088.8,5.915
"Marion",39101,2016,11.508,922.6,6.569
"Marion",39101,2017,11.437,1079,6.098
"Marion",39101,2018,10.85,1215.9,5.541
"Marion",39101,2019,10.996,1153.9,6.045
"Marion",39101,2020,11.259,1172.8,6.028
"Marion",39101,2021,11.487,1025.1,6.03
"Marion",39101,2022,10.565,971.7,6.145
"Marion",39101,2023,11.696,974.4,6.066
"Marion",39101,2024,12.302,978.7,6.614
"Medina",39103,2003,9.194,1177.9,4.495
"Medina",39103,2004,9.658,1191.2,4.638
"Medina",39103,2005,10.03,1030,5.752
"Medina",39103,2006,10.736,1076.4,5.564
"Medina",39103,2007,10.304,1124.5,6.356
"Medina",39103,2008,9.517,1142,5.885
"Medina",39103,2009,9.51,962.7,5.51
"Medina",39103,2010,10.413,859.3,6.236
"Medina",39103,2011,10.496,1544.9,5.364
"Medina",39103,2012,11.323,1003.6,6.562
"Medina",39103,2013,9.538,1119.2,5.072
"Medina",39103,2014,8.589,1073.5,5.129
"Medina",39103,2015,9.948,1013.3,5.769
"Medina",39103,2016,11.215,917,6.579
"Medina",39103,2017,11.198,1119.5,6.15
"Medina",39103,2018,10.503,1310.8,5.433
"Medina",39103,2019,10.692,1156.6,5.896
"Medina",39103,2020,11.109,1205.3,6.076
"Medina",39103,2021,11.127,1135.6,5.922
"Medina",39103,2022,10.3,1025.3,6.178
"Medina",39103,2023,11.314,1108.3,5.849
"Medina",39103,2024,11.774,982.3,6.285
"Meigs",39105,2003,11.181,1284.1,5.575
"Meigs",39105,2004,11.802,1255.2,5.958
"Meigs",39105,2005,11.952,923,7.051
"Meigs",39105,2006,12.24,1117.4,7.056
"Meigs",39105,2007,12.43,957.8,8.462
"Meigs",39105,2008,11.258,1210.5,7.273
"Meigs",39105,2009,11.391,1013.6,6.661
"Meigs",39105,2010,11.733,1136.2,7.583
"Meigs",39105,2011,12.15,1494.7,6.511
"Meigs",39105,2012,12.815,1083.2,7.8
"Meigs",39105,2013,11.468,1119.6,6.255
"Meigs",39105,2014,10.793,1008.7,6.698
"Meigs",39105,2015,11.875,1233.4,6.655
"Meigs",39105,2016,12.725,1012.4,7.322
"Meigs",39105,2017,12.673,1113,6.571
"Meigs",39105,2018,12.238,1575.1,5.971
"Meigs",39105,2019,12.346,1341.7,6.786
"Meigs",39105,2020,12.622,1242.4,6.628
"Meigs",39105,2021,12.547,1134.5,6.62
"Meigs",39105,2022,11.942,1195.2,6.675
"Meigs",39105,2023,12.834,1013.1,7.055
"Meigs",39105,2024,13.66,972,8.102
"Mercer",39107,2003,9.824,1413.8,5.077
"Mercer",39107,2004,10.459,992.8,5.314
"Mercer",39107,2005,10.721,1080.3,6.304
"Mercer",39107,2006,11.376,1048.9,5.824
"Mercer",39107,2007,11.115,1133.7,7.187
"Mercer",39107,2008,10.055,1103.7,6.369
"Mercer",39107,2009,10.06,830.4,5.963
"Mercer",39107,2010,10.779,961.3,6.655
"Mercer",39107,2011,10.943,1393.8,6.138
"Mercer",39107,2012,12.165,869.4,7.639
"Mercer",39107,2013,10.191,995.3,5.664
"Mercer",39107,2014,8.936,955.4,5.508
"Mercer",39107,2015,10.539,1274.1,5.724
"Mercer",39107,2016,11.682,879.4,6.401
"Mercer",39107,2017,11.428,1178.1,5.912
"Mercer",39107,2018,10.686,1131.8,5.255
"Mercer",39107,2019,10.658,1245.6,5.7
"Mercer",39107,2020,11.207,1076.2,6.23
"Mercer",39107,2021,11.339,1028.2,6.513
"Mercer",39107,2022,10.591,868.5,6.636
"Mercer",39107,2023,11.637,828.5,6.372
"Mercer",39107,2024,12.339,953.3,6.819
"Miami",39109,2003,10.204,1209.3,5.166
"Miami",39109,2004,10.888,992,5.58
"Miami",39109,2005,11.164,1148.1,6.355
"Miami",39109,2006,11.676,1100.2,5.923
"Miami",39109,2007,11.575,1072.8,7.345
"Miami",39109,2008,10.49,1154.2,6.556
"Miami",39109,2009,10.57,886,6.1
"Miami",39109,2010,11.086,921.3,6.812
"Miami",39109,2011,11.443,1505.8,6.13
"Miami",39109,2012,12.466,859.6,7.561
"Miami",39109,2013,10.527,1054,5.455
"Miami",39109,2014,9.498,1029.7,5.44
"Miami",39109,2015,11.018,1097,5.751
"Miami",39109,2016,12.192,901.4,6.639
"Miami",39109,2017,11.936,1189.4,6.066
"Miami",39109,2018,11.299,1338.6,5.546
"Miami",39109,2019,11.426,1147.4,6.158
"Miami",39109,2020,11.605,1047.3,6.149
"Miami",39109,2021,11.694,1100.9,6.489
"Miami",39109,2022,10.941,985.7,6.682
"Miami",39109,2023,12.165,932.2,6.65
"Miami",39109,2024,12.83,1053.3,7.152
"Monroe",39111,2003,10.473,1348.7,5.036
"Monroe",39111,2004,11.017,1359.6,5.257
"Monroe",39111,2005,11.196,1006,6.423
"Monroe",39111,2006,11.518,1021.8,6.232
"Monroe",39111,2007,11.378,1143.3,7.189
"Monroe",39111,2008,10.642,1248,6.462
"Monroe",39111,2009,10.57,1040.3,5.906
"Monroe",39111,2010,10.959,1014.2,6.84
"Monroe",39111,2011,11.553,1481.8,5.998
"Monroe",39111,2012,12.21,1134.8,7.261
"Monroe",39111,2013,10.817,1153.6,5.716
"Monroe",39111,2014,10.004,1025.4,6.033
"Monroe",39111,2015,11.18,1168.2,6.307
"Monroe",39111,2016,12.05,1025.3,6.928
"Monroe",39111,2017,11.883,1242.7,6.062
"Monroe",39111,2018,11.334,1735.5,5.462
"Monroe",39111,2019,11.507,1449.3,6.042
"Monroe",39111,2020,11.742,1148,5.868
"Monroe",39111,2021,11.786,1044.7,5.858
"Monroe",39111,2022,10.891,1253.3,5.593
"Monroe",39111,2023,11.971,1096.9,5.816
"Monroe",39111,2024,12.888,1040.7,7.111
"Montgomery",39113,2003,10.679,1187.2,5.318
"Montgomery",39113,2004,11.346,1081.1,5.782
"Montgomery",39113,2005,11.591,1076.7,6.5
"Montgomery",39113,2006,12.075,1154.9,6.014
"Montgomery",39113,2007,12.108,1048.1,7.614
"Montgomery",39113,2008,11.016,1151.6,6.776
"Montgomery",39113,2009,11.021,993.1,6.158
"Montgomery",39113,2010,11.511,918.8,7.067
"Montgomery",39113,2011,12.029,1519.1,6.428
"Montgomery",39113,2012,12.881,830.5,7.661
"Montgomery",39113,2013,11.045,1082.9,5.842
"Montgomery",39113,2014,10.174,1016.1,6.065
"Montgomery",39113,2015,11.627,1177.2,6.344
"Montgomery",39113,2016,12.587,995.3,7.007
"Montgomery",39113,2017,12.271,1263.3,6.318
"Montgomery",39113,2018,11.727,1320.1,5.876
"Montgomery",39113,2019,12.145,1159.2,6.757
"Montgomery",39113,2020,12.265,1078.5,6.499
"Montgomery",39113,2021,12.29,1163.6,6.632
"Montgomery",39113,2022,11.558,992,6.777
"Montgomery",39113,2023,12.671,941.3,6.914
"Montgomery",39113,2024,13.399,1074.2,7.399
"Morgan",39115,2003,10.352,1252,5.133
"Morgan",39115,2004,10.963,1398.9,5.466
"Morgan",39115,2005,11.181,1070.5,6.464
"Morgan",39115,2006,11.57,1007.9,6.286
"Morgan",39115,2007,11.462,952.5,7.328
"Morgan",39115,2008,10.588,1128.4,6.585
"Morgan",39115,2009,10.65,879,6.166
"Morgan",39115,2010,11.113,991.5,6.927
"Morgan",39115,2011,11.641,1531.8,6.018
"Morgan",39115,2012,12.348,1005.5,7.437
"Morgan",39115,2013,10.815,1198.5,5.875
"Morgan",39115,2014,9.919,1004.4,6.093
"Morgan",39115,2015,11.174,1146.3,6.35
"Morgan",39115,2016,12.208,1024.3,7.106
"Morgan",39115,2017,12,1225.2,6.178
"Morgan",39115,2018,11.433,1508.9,5.611
"Morgan",39115,2019,11.489,1373.5,6.232
"Morgan",39115,2020,11.667,1142.2,5.981
"Morgan",39115,2021,11.651,1042.6,6.193
"Morgan",39115,2022,10.895,1183.5,5.987
"Morgan",39115,2023,11.928,992.6,6.242
"Morgan",39115,2024,13.16,889.9,7.554
"Morrow",39117,2003,9.103,1145.3,4.56
"Morrow",39117,2004,9.469,1168.4,4.462
"Morrow",39117,2005,9.934,1101.1,5.768
"Morrow",39117,2006,10.678,947.8,5.545
"Morrow",39117,2007,10.382,1146.4,6.46
"Morrow",39117,2008,9.722,1032.8,6.31
"Morrow",39117,2009,9.454,942,5.65
"Morrow",39117,2010,10.238,860.7,6.383
"Morrow",39117,2011,10.551,1382,5.499
"Morrow",39117,2012,11.517,989.5,6.923
"Morrow",39117,2013,9.764,1272.9,5.292
"Morrow",39117,2014,8.69,1012.3,5.332
"Morrow",39117,2015,10.086,1123.4,5.763
"Morrow",39117,2016,11.271,983.4,6.449
"Morrow",39117,2017,11.119,1199.1,5.826
"Morrow",39117,2018,10.517,1281.3,5.257
"Morrow",39117,2019,10.609,1288.2,5.705
"Morrow",39117,2020,10.907,1215,5.756
"Morrow",39117,2021,11.061,1074.4,5.762
"Morrow",39117,2022,10.166,1172.8,5.788
"Morrow",39117,2023,11.317,1095.1,5.769
"Morrow",39117,2024,11.96,1029,6.346
"Muskingum",39119,2003,10.213,1117.4,4.914
"Muskingum",39119,2004,10.729,1383.9,5.117
"Muskingum",39119,2005,11.005,1090.5,6.045
"Muskingum",39119,2006,11.548,1042.3,6.052
"Muskingum",39119,2007,11.388,1084.5,6.988
"Muskingum",39119,2008,10.67,1134.8,6.577
"Muskingum",39119,2009,10.613,829.4,6.058
"Muskingum",39119,2010,11.084,879,6.775
"Muskingum",39119,2011,11.619,1366.2,5.939
"Muskingum",39119,2012,12.434,1005,7.348
"Muskingum",39119,2013,10.865,1121.9,5.865
"Muskingum",39119,2014,9.909,1000.9,5.964
"Muskingum",39119,2015,11.166,1096.2,6.344
"Muskingum",39119,2016,12.326,897.1,7.254
"Muskingum",39119,2017,12.007,999.8,6.205
"Muskingum",39119,2018,11.453,1414.2,5.655
"Muskingum",39119,2019,11.569,1253.5,6.195
"Muskingum",39119,2020,11.775,1133,5.876
"Muskingum",39119,2021,11.792,1095,6.067
"Muskingum",39119,2022,10.939,1203.5,5.871
"Muskingum",39119,2023,11.986,989.3,6.133
"Muskingum",39119,2024,12.908,898.9,7.181
"Noble",39121,2003,10.356,1336.6,5.163
"Noble",39121,2004,10.957,1400.3,5.416
"Noble",39121,2005,11.127,1059.4,6.459
"Noble",39121,2006,11.544,1051.8,6.339
"Noble",39121,2007,11.292,1118.1,7.229
"Noble",39121,2008,10.643,1198.1,6.635
"Noble",39121,2009,10.516,896.6,6.086
"Noble",39121,2010,11.01,973.9,6.977
"Noble",39121,2011,11.723,1410.3,6.169
"Noble",39121,2012,12.368,1053.3,7.481
"Noble",39121,2013,10.895,1145.1,5.946
"Noble",39121,2014,10.028,987.3,6.17
"Noble",39121,2015,11.243,1158.2,6.496
"Noble",39121,2016,12.214,1071.7,7.24
"Noble",39121,2017,11.949,1158.9,6.194
"Noble",39121,2018,11.36,1558.8,5.617
"Noble",39121,2019,11.44,1369.5,6.148
"Noble",39121,2020,11.68,1110.1,5.882
"Noble",39121,2021,11.715,1053.6,5.982
"Noble",39121,2022,10.898,1253.2,5.833
"Noble",39121,2023,11.984,1051.5,6.053
"Noble",39121,2024,12.996,895,7.158
"Ottawa",39123,2003,9.375,909.9,4.742
"Ottawa",39123,2004,10.103,893.5,5.032
"Ottawa",39123,2005,10.277,1028,5.833
"Ottawa",39123,2006,11.073,1160.6,5.578
"Ottawa",39123,2007,10.669,951.3,6.535
"Ottawa",39123,2008,9.973,1034.8,6.105
"Ottawa",39123,2009,9.786,809,5.5
"Ottawa",39123,2010,10.926,835.8,6.39
"Ottawa",39123,2011,10.898,1409.4,5.793
"Ottawa",39123,2012,12.093,882,7.077
"Ottawa",39123,2013,10.123,1108.6,5.384
"Ottawa",39123,2014,8.975,902.7,5.426
"Ottawa",39123,2015,10.331,1096.2,5.695
"Ottawa",39123,2016,11.716,908.3,6.461
"Ottawa",39123,2017,11.404,1030.4,5.971
"Ottawa",39123,2018,10.607,1041.7,5.538
"Ottawa",39123,2019,10.595,1005.6,5.618
"Ottawa",39123,2020,11.336,879.1,6.195
"Ottawa",39123,2021,11.699,1013.2,6.279
"Ottawa",39123,2022,10.889,754.3,6.262
"Ottawa",39123,2023,11.894,981.2,5.719
"Ottawa",39123,2024,12.442,850.9,6.414
"Paulding",39125,2003,9.099,1149.2,5.272
"Paulding",39125,2004,9.792,1012.1,5.29
"Paulding",39125,2005,10.061,926.9,6.34
"Paulding",39125,2006,10.777,991.5,5.735
"Paulding",39125,2007,10.334,1089,6.823
"Paulding",39125,2008,9.284,1075.2,6.153
"Paulding",39125,2009,9.278,957.3,5.756
"Paulding",39125,2010,10.438,827,6.935
"Paulding",39125,2011,10.3,1309.6,6.211
"Paulding",39125,2012,11.758,715.4,8.006
"Paulding",39125,2013,9.671,969.5,6.001
"Paulding",39125,2014,8.285,922.2,5.671
"Paulding",39125,2015,9.865,1149.7,5.958
"Paulding",39125,2016,11.282,904.1,6.814
"Paulding",39125,2017,10.867,1150.6,6.266
"Paulding",39125,2018,10.129,1081.6,5.49
"Paulding",39125,2019,9.889,1149.4,5.597
"Paulding",39125,2020,10.728,863.6,6.465
"Paulding",39125,2021,10.939,1176.9,6.266
"Paulding",39125,2022,10.056,914.7,6.336
"Paulding",39125,2023,11.295,824.7,6.335
"Paulding",39125,2024,11.912,941.5,6.699
"Perry",39127,2003,10.133,1208.7,4.962
"Perry",39127,2004,10.688,1408.2,5.257
"Perry",39127,2005,10.869,1192.3,6.127
"Perry",39127,2006,11.365,1044.1,6.007
"Perry",39127,2007,11.209,1077,7.075
"Perry",39127,2008,10.364,1260.7,6.386
"Perry",39127,2009,10.481,954.6,5.989
"Perry",39127,2010,10.88,974,6.626
"Perry",39127,2011,11.427,1508.6,5.829
"Perry",39127,2012,12.154,995,7.265
"Perry",39127,2013,10.545,1138.3,5.586
"Perry",39127,2014,9.668,1007.7,5.804
"Perry",39127,2015,10.901,1101,6.05
"Perry",39127,2016,11.933,977.3,6.703
"Perry",39127,2017,11.794,1215.9,5.922
"Perry",39127,2018,11.251,1488.4,5.343
"Perry",39127,2019,11.313,1351.7,5.99
"Perry",39127,2020,11.505,1135.5,5.891
"Perry",39127,2021,11.429,1058.1,5.967
"Perry",39127,2022,10.601,1205.7,5.775
"Perry",39127,2023,11.619,1020.1,5.978
"Perry",39127,2024,12.638,950.3,7.177
"Pickaway",39129,2003,10.87,1097.2,5.09
"Pickaway",39129,2004,11.559,1244.7,5.697
"Pickaway",39129,2005,11.558,1006.8,6.631
"Pickaway",39129,2006,12.073,1093.8,6.344
"Pickaway",39129,2007,12.151,978.1,7.629
"Pickaway",39129,2008,11.082,1132.5,6.793
"Pickaway",39129,2009,11.164,968.1,6.336
"Pickaway",39129,2010,11.394,975.1,6.854
"Pickaway",39129,2011,11.972,1473.7,6.311
"Pickaway",39129,2012,12.824,820.3,7.932
"Pickaway",39129,2013,11.005,1014.6,5.93
"Pickaway",39129,2014,10.008,912.2,6.15
"Pickaway",39129,2015,11.165,1054.5,6.08
"Pickaway",39129,2016,12.342,1006.5,6.709
"Pickaway",39129,2017,12.285,1166.8,6.212
"Pickaway",39129,2018,11.812,1375.8,5.76
"Pickaway",39129,2019,11.837,1302.8,6.295
"Pickaway",39129,2020,11.944,1046.3,6.23
"Pickaway",39129,2021,12.073,989.4,6.339
"Pickaway",39129,2022,11.342,1120.3,6.421
"Pickaway",39129,2023,12.396,910.9,6.561
"Pickaway",39129,2024,13.305,896.3,7.539
"Pike",39131,2003,11.16,1316.1,5.419
"Pike",39131,2004,11.763,1184.8,5.821
"Pike",39131,2005,11.903,954.3,6.718
"Pike",39131,2006,12.196,1064.4,6.371
"Pike",39131,2007,12.292,1024.2,7.618
"Pike",39131,2008,11.205,1132.3,6.781
"Pike",39131,2009,11.288,1026.3,6.09
"Pike",39131,2010,11.717,1003.2,7.071
"Pike",39131,2011,12.191,1499,6.245
"Pike",39131,2012,13.01,1003.7,7.7
"Pike",39131,2013,11.334,1098.1,6.04
"Pike",39131,2014,10.541,1014,6.282
"Pike",39131,2015,11.675,1271.9,6.382
"Pike",39131,2016,12.872,1073.2,7.278
"Pike",39131,2017,12.68,1189.2,6.525
"Pike",39131,2018,12.299,1609.5,5.967
"Pike",39131,2019,12.374,1458.5,6.518
"Pike",39131,2020,12.467,1239.8,6.418
"Pike",39131,2021,12.542,1237.8,6.373
"Pike",39131,2022,12.029,1122.4,6.815
"Pike",39131,2023,13.075,972.7,7.149
"Pike",39131,2024,13.584,1116.1,7.292
"Portage",39133,2003,8.813,1282.8,4.393
"Portage",39133,2004,9.39,1210.9,4.553
"Portage",39133,2005,9.748,1040.2,5.772
"Portage",39133,2006,10.337,1111.2,5.398
"Portage",39133,2007,9.84,1070.2,6.16
"Portage",39133,2008,9.067,1067.1,5.61
"Portage",39133,2009,8.966,956,5.356
"Portage",39133,2010,9.884,963.9,6.004
"Portage",39133,2011,10.156,1418,5.336
"Portage",39133,2012,11.231,1006.6,6.669
"Portage",39133,2013,9.498,1051.8,5.06
"Portage",39133,2014,8.566,1122.6,5.17
"Portage",39133,2015,9.806,1072.7,5.864
"Portage",39133,2016,10.755,997.7,6.325
"Portage",39133,2017,10.617,1112.3,5.895
"Portage",39133,2018,10.035,1253.6,5.291
"Portage",39133,2019,10.072,1277.2,5.621
"Portage",39133,2020,10.517,1208.1,5.901
"Portage",39133,2021,10.541,1107.5,5.986
"Portage",39133,2022,9.772,1015.1,6.476
"Portage",39133,2023,10.887,1041.9,6.039
"Portage",39133,2024,11.444,1082,6.244
"Preble",39135,2003,10.174,1205.4,5.248
"Preble",39135,2004,10.872,1037.2,5.672
"Preble",39135,2005,11.025,1129,6.381
"Preble",39135,2006,11.528,1212.5,5.938
"Preble",39135,2007,11.418,1020.3,7.509
"Preble",39135,2008,10.286,1225.1,6.544
"Preble",39135,2009,10.302,1024.3,5.955
"Preble",39135,2010,10.837,947.2,6.795
"Preble",39135,2011,11.38,1481.9,6.353
"Preble",39135,2012,12.281,835.1,7.59
"Preble",39135,2013,10.482,1092.6,5.738
"Preble",39135,2014,9.51,1008.9,5.767
"Preble",39135,2015,10.992,1190.4,6.057
"Preble",39135,2016,11.982,1028.5,6.632
"Preble",39135,2017,11.731,1266.1,6.007
"Preble",39135,2018,11.064,1403.6,5.375
"Preble",39135,2019,11.182,1207,5.71
"Preble",39135,2020,11.376,1059.6,5.733
"Preble",39135,2021,11.347,1105.8,5.712
"Preble",39135,2022,10.648,983.1,5.924
"Preble",39135,2023,11.9,939.5,6.237
"Preble",39135,2024,12.449,1223.2,6.317
"Putnam",39137,2003,9.296,1107.1,5.078
"Putnam",39137,2004,9.931,1053.7,5.196
"Putnam",39137,2005,10.259,1005.9,6.258
"Putnam",39137,2006,11.026,1022.5,5.836
"Putnam",39137,2007,10.618,1160.8,6.872
"Putnam",39137,2008,9.736,1135.1,6.365
"Putnam",39137,2009,9.745,871.9,6.033
"Putnam",39137,2010,10.701,834.9,6.87
"Putnam",39137,2011,10.741,1340,6.257
"Putnam",39137,2012,12.081,801.6,7.873
"Putnam",39137,2013,10.066,1016.2,5.937
"Putnam",39137,2014,8.734,881.2,5.692
"Putnam",39137,2015,10.265,1164.1,5.988
"Putnam",39137,2016,11.529,865.1,6.736
"Putnam",39137,2017,10.994,1129.1,5.895
"Putnam",39137,2018,10.184,1089.9,5.382
"Putnam",39137,2019,10.219,1183.7,5.82
"Putnam",39137,2020,11.18,950.3,6.641
"Putnam",39137,2021,11.331,1102.6,6.675
"Putnam",39137,2022,10.514,968.4,6.821
"Putnam",39137,2023,11.625,819.9,6.657
"Putnam",39137,2024,12.289,991.2,6.846
"Richland",39139,2003,8.803,1177.8,4.363
"Richland",39139,2004,9.052,1176.6,4.254
"Richland",39139,2005,9.676,1072.7,5.6
"Richland",39139,2006,10.49,984,5.452
"Richland",39139,2007,10.153,1223.4,6.276
"Richland",39139,2008,9.375,1111,5.984
"Richland",39139,2009,9.176,928.2,5.521
"Richland",39139,2010,10.049,916.1,6.311
"Richland",39139,2011,10.425,1432.5,5.306
"Richland",39139,2012,11.377,985.9,6.697
"Richland",39139,2013,9.67,1240.3,5.165
"Richland",39139,2014,8.61,1044.4,5.147
"Richland",39139,2015,10.007,1060.5,5.692
"Richland",39139,2016,11.138,985.3,6.346
"Richland",39139,2017,10.975,1222.3,5.664
"Richland",39139,2018,10.401,1268,5.142
"Richland",39139,2019,10.575,1284.3,5.544
"Richland",39139,2020,11.055,1127.2,5.866
"Richland",39139,2021,11.162,1095,5.984
"Richland",39139,2022,10.146,1105.1,5.864
"Richland",39139,2023,11.309,1137.9,5.853
"Richland",39139,2024,11.777,964.3,6.412
"Ross",39141,2003,10.918,1195.5,5.063
"Ross",39141,2004,11.532,1184.9,5.44
"Ross",39141,2005,11.62,997.6,6.163
"Ross",39141,2006,12.069,1091.7,5.973
"Ross",39141,2007,12.149,1007,7.076
"Ross",39141,2008,11.074,1164.3,6.326
"Ross",39141,2009,11.156,1047.2,5.733
"Ross",39141,2010,11.53,944,6.616
"Ross",39141,2011,12.041,1444.5,5.889
"Ross",39141,2012,12.809,914.2,7.23
"Ross",39141,2013,11.157,1046.6,5.775
"Ross",39141,2014,10.19,940.8,6.022
"Ross",39141,2015,11.349,1176.2,6.217
"Ross",39141,2016,12.459,977.5,6.856
"Ross",39141,2017,12.371,1137.8,6.216
"Ross",39141,2018,11.875,1438.1,5.64
"Ross",39141,2019,11.931,1357.9,6.211
"Ross",39141,2020,12.093,1080.6,6.224
"Ross",39141,2021,12.087,1069.6,6.221
"Ross",39141,2022,11.483,1132.4,6.426
"Ross",39141,2023,12.501,934,6.643
"Ross",39141,2024,13.234,988.5,7.243
"Sandusky",39143,2003,9.232,942.5,5.05
"Sandusky",39143,2004,9.832,889.2,5.286
"Sandusky",39143,2005,9.992,1020.1,6.017
"Sandusky",39143,2006,10.828,1163.4,5.847
"Sandusky",39143,2007,10.597,1059,6.836
"Sandusky",39143,2008,9.913,1010.1,6.477
"Sandusky",39143,2009,9.824,849.4,5.973
"Sandusky",39143,2010,10.828,857.3,6.78
"Sandusky",39143,2011,10.871,1432.7,6.17
"Sandusky",39143,2012,12.053,925.1,7.605
"Sandusky",39143,2013,10.028,1148.8,5.784
"Sandusky",39143,2014,8.879,892.8,5.857
"Sandusky",39143,2015,10.235,1110.5,6.025
"Sandusky",39143,2016,11.616,854.4,6.938
"Sandusky",39143,2017,11.337,1089.3,6.346
"Sandusky",39143,2018,10.562,1087.9,5.868
"Sandusky",39143,2019,10.65,1084,6.033
"Sandusky",39143,2020,11.325,892.1,6.623
"Sandusky",39143,2021,11.59,1014,6.566
"Sandusky",39143,2022,10.801,869.9,6.719
"Sandusky",39143,2023,11.765,994.7,5.941
"Sandusky",39143,2024,12.417,901.1,6.501
"Scioto",39145,2003,11.469,1404.1,5.832
"Scioto",39145,2004,12.092,1267.5,6.283
"Scioto",39145,2005,12.179,942.7,7.265
"Scioto",39145,2006,12.312,1085,6.866
"Scioto",39145,2007,12.492,890.4,8.258
"Scioto",39145,2008,11.316,1094,7.17
"Scioto",39145,2009,11.412,1159.2,6.375
"Scioto",39145,2010,11.848,1112.2,7.367
"Scioto",39145,2011,12.351,1524,6.59
"Scioto",39145,2012,13.159,988.2,7.96
"Scioto",39145,2013,11.516,1140.6,6.293
"Scioto",39145,2014,10.939,1076.7,6.654
"Scioto",39145,2015,12.07,1263.6,6.536
"Scioto",39145,2016,13.043,1069.1,7.437
"Scioto",39145,2017,12.861,1143.5,6.702
"Scioto",39145,2018,12.473,1619.6,5.979
"Scioto",39145,2019,12.577,1437.8,6.599
"Scioto",39145,2020,12.687,1253.1,6.395
"Scioto",39145,2021,12.942,1295.3,6.503
"Scioto",39145,2022,12.461,1138.6,7.127
"Scioto",39145,2023,13.497,1011,7.459
"Scioto",39145,2024,13.995,1185.6,7.8
"Seneca",39147,2003,9.353,1027,5.054
"Seneca",39147,2004,9.887,952.7,5.224
"Seneca",39147,2005,10.196,1017.3,6.217
"Seneca",39147,2006,10.924,1065.4,5.913
"Seneca",39147,2007,10.598,1130.8,6.833
"Seneca",39147,2008,9.761,1084.9,6.37
"Seneca",39147,2009,9.644,831.3,5.916
"Seneca",39147,2010,10.539,869,6.661
"Seneca",39147,2011,10.738,1538.8,5.97
"Seneca",39147,2012,11.849,874.9,7.48
"Seneca",39147,2013,9.909,1155.1,5.681
"Seneca",39147,2014,8.794,906.7,5.757
"Seneca",39147,2015,10.214,1045.7,6.032
"Seneca",39147,2016,11.543,850.5,6.917
"Seneca",39147,2017,11.344,1161.9,6.353
"Seneca",39147,2018,10.697,1096.5,5.824
"Seneca",39147,2019,10.807,1129.4,6.138
"Seneca",39147,2020,11.407,979.1,6.53
"Seneca",39147,2021,11.657,1005.4,6.384
"Seneca",39147,2022,10.801,894.6,6.649
"Seneca",39147,2023,11.778,1003,6.052
"Seneca",39147,2024,12.326,927.8,6.848
"Shelby",39149,2003,9.691,1316.8,5.065
"Shelby",39149,2004,10.246,1008.4,5.286
"Shelby",39149,2005,10.426,1208.9,6.087
"Shelby",39149,2006,11.049,1048.2,5.694
"Shelby",39149,2007,10.949,1057.5,7.122
"Shelby",39149,2008,9.9,1137.4,6.377
"Shelby",39149,2009,9.908,828.8,5.977
"Shelby",39149,2010,10.534,957.5,6.541
"Shelby",39149,2011,10.885,1478.5,6.064
"Shelby",39149,2012,11.916,929,7.396
"Shelby",39149,2013,10.134,1120.5,5.621
"Shelby",39149,2014,8.947,963.1,5.531
"Shelby",39149,2015,10.42,1234.8,5.604
"Shelby",39149,2016,11.566,839.4,6.294
"Shelby",39149,2017,11.443,1231,5.817
"Shelby",39149,2018,10.698,1211.4,5.181
"Shelby",39149,2019,10.592,1201.6,5.693
"Shelby",39149,2020,10.979,1152.7,5.975
"Shelby",39149,2021,11.164,1052.8,6.147
"Shelby",39149,2022,10.426,969.5,6.353
"Shelby",39149,2023,11.589,895.1,6.218
"Shelby",39149,2024,12.384,1034.8,6.946
"Stark",39151,2003,9.536,1236,4.601
"Stark",39151,2004,10.002,1278.9,4.688
"Stark",39151,2005,10.401,1057.2,5.982
"Stark",39151,2006,10.931,1081.2,5.642
"Stark",39151,2007,10.567,1096.6,6.482
"Stark",39151,2008,9.793,1003.5,6.013
"Stark",39151,2009,9.73,890.5,5.618
"Stark",39151,2010,10.499,942.9,6.286
"Stark",39151,2011,10.82,1425.8,5.633
"Stark",39151,2012,11.831,928.6,7.138
"Stark",39151,2013,10.15,1026.2,5.426
"Stark",39151,2014,9.346,1114.2,5.61
"Stark",39151,2015,10.707,1069.1,6.351
"Stark",39151,2016,11.585,1000.5,6.942
"Stark",39151,2017,11.583,1207.1,6.382
"Stark",39151,2018,10.95,1346.6,5.777
"Stark",39151,2019,11.107,1264.4,6.076
"Stark",39151,2020,11.542,1115.9,6.301
"Stark",39151,2021,11.504,1032.8,6.136
"Stark",39151,2022,10.696,963.7,6.541
"Stark",39151,2023,11.523,949.8,6.098
"Stark",39151,2024,11.967,1002,6.254
"Summit",39153,2003,9.449,1210.7,4.547
"Summit",39153,2004,10.067,1202.5,4.882
"Summit",39153,2005,10.413,1010.6,6.059
"Summit",39153,2006,10.927,1115.3,5.642
"Summit",39153,2007,10.551,1071.8,6.521
"Summit",39153,2008,9.759,1076,6.012
"Summit",39153,2009,9.692,955.5,5.581
"Summit",39153,2010,10.581,897.9,6.308
"Summit",39153,2011,10.762,1495.6,5.587
"Summit",39153,2012,11.732,970.6,6.987
"Summit",39153,2013,9.961,1076.6,5.263
"Summit",39153,2014,9.068,1130.7,5.408
"Summit",39153,2015,10.431,1064.8,6.204
"Summit",39153,2016,11.525,1014.5,6.861
"Summit",39153,2017,11.507,1152.1,6.456
"Summit",39153,2018,10.852,1277.1,5.796
"Summit",39153,2019,10.973,1195.4,6.124
"Summit",39153,2020,11.435,1185.3,6.4
"Summit",39153,2021,11.469,1019,6.306
"Summit",39153,2022,10.668,988.3,6.785
"Summit",39153,2023,11.617,1012.6,6.34
"Summit",39153,2024,12.033,1031.1,6.489
"Trumbull",39155,2003,8.764,1295,4.737
"Trumbull",39155,2004,9.284,1275.2,4.8
"Trumbull",39155,2005,9.615,1074.7,5.923
"Trumbull",39155,2006,10.295,1252.5,5.612
"Trumbull",39155,2007,9.661,1087.3,6.335
"Trumbull",39155,2008,9.06,1170.2,5.847
"Trumbull",39155,2009,8.87,957.6,5.644
"Trumbull",39155,2010,9.736,984.5,6.17
"Trumbull",39155,2011,10.074,1489.2,5.528
"Trumbull",39155,2012,11,1059.4,6.599
"Trumbull",39155,2013,9.323,1054.3,5.304
"Trumbull",39155,2014,8.334,1129.9,5.231
"Trumbull",39155,2015,9.561,1118.1,5.858
"Trumbull",39155,2016,10.644,1017.9,6.402
"Trumbull",39155,2017,10.475,1144.2,5.759
"Trumbull",39155,2018,9.945,1294.8,5.07
"Trumbull",39155,2019,9.899,1320.1,5.515
"Trumbull",39155,2020,10.45,1194.8,5.876
"Trumbull",39155,2021,10.6,1059.4,5.935
"Trumbull",39155,2022,9.671,1015.1,6.034
"Trumbull",39155,2023,10.852,1019.8,5.897
"Trumbull",39155,2024,11.478,1056.7,6.153
"Tuscarawas",39157,2003,9.869,1195.9,4.719
"Tuscarawas",39157,2004,10.37,1422.2,4.667
"Tuscarawas",39157,2005,10.721,1092.4,5.906
"Tuscarawas",39157,2006,11.228,1002.5,5.795
"Tuscarawas",39157,2007,10.887,1121.1,6.561
"Tuscarawas",39157,2008,10.171,1070.1,6.269
"Tuscarawas",39157,2009,10.067,880.5,5.923
"Tuscarawas",39157,2010,10.649,984.3,6.494
"Tuscarawas",39157,2011,11.113,1450.2,5.797
"Tuscarawas",39157,2012,11.994,878.3,7.17
"Tuscarawas",39157,2013,10.377,1061.4,5.562
"Tuscarawas",39157,2014,9.559,1105.4,5.533
"Tuscarawas",39157,2015,10.875,1058.6,6.116
"Tuscarawas",39157,2016,11.867,974.4,7.077
"Tuscarawas",39157,2017,11.703,1189.4,5.951
"Tuscarawas",39157,2018,11.085,1410.5,5.509
"Tuscarawas",39157,2019,11.219,1321.4,5.92
"Tuscarawas",39157,2020,11.535,1105.8,5.922
"Tuscarawas",39157,2021,11.493,1003.2,5.889
"Tuscarawas",39157,2022,10.625,1158.2,6.063
"Tuscarawas",39157,2023,11.667,1076,6.08
"Tuscarawas",39157,2024,12.241,942.6,6.49
"Union",39159,2003,10.159,1219.2,5.183
"Union",39159,2004,10.825,1130.6,5.545
"Union",39159,2005,11.007,1208.5,6.415
"Union",39159,2006,11.563,1047.2,6.124
"Union",39159,2007,11.292,1078.8,7.111
"Union",39159,2008,10.456,1067.2,6.708
"Union",39159,2009,10.337,877.9,6.088
"Union",39159,2010,10.82,906.6,6.73
"Union",39159,2011,11.011,1510.1,5.913
"Union",39159,2012,11.938,961.8,7.372
"Union",39159,2013,10.168,1091.9,5.693
"Union",39159,2014,9.135,948.1,5.701
"Union",39159,2015,10.513,1097.2,5.923
"Union",39159,2016,11.672,989.7,6.311
"Union",39159,2017,11.67,1100.8,5.983
"Union",39159,2018,11.008,1242,5.555
"Union",39159,2019,11.059,1156.2,6.055
"Union",39159,2020,11.279,1161.7,5.952
"Union",39159,2021,11.483,1016.4,6.124
"Union",39159,2022,10.518,1050.4,6.175
"Union",39159,2023,11.697,962.6,6.149
"Union",39159,2024,12.376,977.9,6.839
"Van Wert",39161,2003,9.576,1234.8,5.2
"Van Wert",39161,2004,10.199,1095.1,5.374
"Van Wert",39161,2005,10.511,916,6.424
"Van Wert",39161,2006,11.114,1003.4,5.789
"Van Wert",39161,2007,10.714,1145.3,6.96
"Van Wert",39161,2008,9.708,1119.2,6.304
"Van Wert",39161,2009,9.742,928.6,5.881
"Van Wert",39161,2010,10.631,944,6.831
"Van Wert",39161,2011,10.711,1333.5,6.289
"Van Wert",39161,2012,11.982,912.1,7.785
"Van Wert",39161,2013,9.894,1037.6,5.727
"Van Wert",39161,2014,8.607,1064.4,5.5
"Van Wert",39161,2015,10.233,1318.8,5.796
"Van Wert",39161,2016,11.472,904.6,6.497
"Van Wert",39161,2017,11.17,1212.6,6.047
"Van Wert",39161,2018,10.377,1147.9,5.305
"Van Wert",39161,2019,10.253,1227.7,5.659
"Van Wert",39161,2020,10.997,972.7,6.369
"Van Wert",39161,2021,11.162,1078.4,6.426
"Van Wert",39161,2022,10.368,964.3,6.528
"Van Wert",39161,2023,11.571,918.4,6.436
"Van Wert",39161,2024,12.216,973.5,6.889
"Vinton",39163,2003,10.891,1305.7,5.306
"Vinton",39163,2004,11.53,1292.5,5.648
"Vinton",39163,2005,11.763,998.7,6.572
"Vinton",39163,2006,12.088,1120,6.192
"Vinton",39163,2007,12.115,1049.4,7.52
"Vinton",39163,2008,10.994,1198.3,6.543
"Vinton",39163,2009,11.154,1019.6,6.169
"Vinton",39163,2010,11.609,1115,7.155
"Vinton",39163,2011,12.025,1533.8,6.241
"Vinton",39163,2012,12.756,1052.2,7.596
"Vinton",39163,2013,11.17,1114.8,5.945
"Vinton",39163,2014,10.34,998.5,6.23
"Vinton",39163,2015,11.521,1191.8,6.403
"Vinton",39163,2016,12.503,1027.7,7.032
"Vinton",39163,2017,12.413,1195.8,6.388
"Vinton",39163,2018,11.908,1581.4,5.745
"Vinton",39163,2019,11.924,1361.7,6.381
"Vinton",39163,2020,12.212,1162.8,6.388
"Vinton",39163,2021,12.389,1141.5,6.449
"Vinton",39163,2022,11.779,1198.5,6.609
"Vinton",39163,2023,12.789,996.1,7.026
"Vinton",39163,2024,13.44,934,7.772
"Warren",39165,2003,10.921,1201.8,5.262
"Warren",39165,2004,11.592,1157.2,5.824
"Warren",39165,2005,11.824,1099.4,6.549
"Warren",39165,2006,12.305,1151.3,6.136
"Warren",39165,2007,12.588,1033.1,7.94
"Warren",39165,2008,11.413,1144.6,6.967
"Warren",39165,2009,11.353,1003.7,6.153
"Warren",39165,2010,11.751,978.3,7.09
"Warren",39165,2011,12.329,1598.4,6.526
"Warren",39165,2012,13.066,997.2,7.548
"Warren",39165,2013,11.294,1265.8,5.885
"Warren",39165,2014,10.504,1126.6,6.213
"Warren",39165,2015,11.931,1284.9,6.487
"Warren",39165,2016,12.879,1107.8,7.196
"Warren",39165,2017,12.567,1293.1,6.366
"Warren",39165,2018,12.174,1486.5,6.055
"Warren",39165,2019,12.377,1361,6.554
"Warren",39165,2020,12.494,1170,6.377
"Warren",39165,2021,12.462,1171.4,6.381
"Warren",39165,2022,11.833,1168.8,6.598
"Warren",39165,2023,12.963,1043.5,6.919
"Warren",39165,2024,13.473,1095.6,7.101
"Washington",39167,2003,10.986,1427.5,5.46
"Washington",39167,2004,11.724,1309.7,5.945
"Washington",39167,2005,11.883,1039.3,7.065
"Washington",39167,2006,12.129,1037.5,6.839
"Washington",39167,2007,12.139,949.2,7.918
"Washington",39167,2008,11.187,1147.4,6.927
"Washington",39167,2009,11.185,998,6.363
"Washington",39167,2010,11.569,1018.9,7.25
"Washington",39167,2011,12.126,1526.7,6.343
"Washington",39167,2012,12.828,1107,7.721
"Washington",39167,2013,11.398,1228.3,6.107
"Washington",39167,2014,10.635,1076.1,6.51
"Washington",39167,2015,11.866,1157.7,6.753
"Washington",39167,2016,12.692,1026.9,7.459
"Washington",39167,2017,12.603,1252.8,6.585
"Washington",39167,2018,12.063,1667.3,6.023
"Washington",39167,2019,12.286,1386,6.814
"Washington",39167,2020,12.455,1232.3,6.448
"Washington",39167,2021,12.442,1103.4,6.566
"Washington",39167,2022,11.674,1175.5,6.383
"Washington",39167,2023,12.64,1071.6,6.631
"Washington",39167,2024,13.601,960.9,7.864
"Wayne",39169,2003,9.056,1180.2,4.358
"Wayne",39169,2004,9.566,1206.6,4.499
"Wayne",39169,2005,9.901,1010.9,5.549
"Wayne",39169,2006,10.572,1002.9,5.351
"Wayne",39169,2007,10.267,1146.2,6.327
"Wayne",39169,2008,9.506,1049.3,5.874
"Wayne",39169,2009,9.422,994.7,5.479
"Wayne",39169,2010,10.139,935.7,6.064
"Wayne",39169,2011,10.466,1409,5.344
"Wayne",39169,2012,11.243,887.5,6.596
"Wayne",39169,2013,9.543,1075.4,5.067
"Wayne",39169,2014,8.688,1017.5,5.207
"Wayne",39169,2015,9.996,1030.1,5.756
"Wayne",39169,2016,11.096,887,6.435
"Wayne",39169,2017,11.033,1137.9,5.823
"Wayne",39169,2018,10.44,1327.6,5.169
"Wayne",39169,2019,10.563,1253.7,5.583
"Wayne",39169,2020,10.946,1046.1,5.89
"Wayne",39169,2021,10.957,994.5,5.86
"Wayne",39169,2022,10.074,1031.7,5.849
"Wayne",39169,2023,11.191,955.3,5.872
"Wayne",39169,2024,11.802,920.6,6.288
"Williams",39171,2003,8.727,997.1,5.255
"Williams",39171,2004,9.374,868.1,5.169
"Williams",39171,2005,9.717,866.8,6.227
"Williams",39171,2006,10.469,1087.3,5.666
"Williams",39171,2007,9.902,1032.1,6.508
"Williams",39171,2008,8.898,1002.6,5.924
"Williams",39171,2009,8.849,1056.9,5.512
"Williams",39171,2010,10.23,842.3,6.743
"Williams",39171,2011,9.975,1311.9,6.006
"Williams",39171,2012,11.352,673.2,7.641
"Williams",39171,2013,9.18,967.5,5.657
"Williams",39171,2014,7.841,855.2,5.365
"Williams",39171,2015,9.338,936.7,5.614
"Williams",39171,2016,10.711,919.2,6.32
"Williams",39171,2017,10.359,1027.9,6.076
"Williams",39171,2018,9.607,1067.1,5.272
"Williams",39171,2019,9.294,1220.5,5.21
"Williams",39171,2020,10.226,774,6.169
"Williams",39171,2021,10.411,1078.7,5.78
"Williams",39171,2022,9.584,927.8,5.974
"Williams",39171,2023,10.733,824,5.979
"Williams",39171,2024,11.524,893.8,6.526
"Wood",39173,2003,9.111,993.8,5.129
"Wood",39173,2004,9.914,879.1,5.474
"Wood",39173,2005,10.099,944.6,6.165
"Wood",39173,2006,10.951,1097.7,5.932
"Wood",39173,2007,10.504,1031.4,6.851
"Wood",39173,2008,9.925,1051,6.686
"Wood",39173,2009,9.84,820.2,6.158
"Wood",39173,2010,10.837,784.1,6.929
"Wood",39173,2011,10.813,1355.3,6.376
"Wood",39173,2012,12.079,793.2,7.662
"Wood",39173,2013,10.01,1023.4,5.864
"Wood",39173,2014,8.762,851.8,5.827
"Wood",39173,2015,10.218,1001,6.048
"Wood",39173,2016,11.571,864.6,6.828
"Wood",39173,2017,11.275,1082.5,6.227
"Wood",39173,2018,10.503,1052.1,5.688
"Wood",39173,2019,10.52,1130.2,5.967
"Wood",39173,2020,11.282,827,6.665
"Wood",39173,2021,11.593,1037.5,6.562
"Wood",39173,2022,10.795,846.4,6.799
"Wood",39173,2023,11.857,855.4,6.464
"Wood",39173,2024,12.427,944.2,7.052
"Wyandot",39175,2003,9.622,1135.4,4.975
"Wyandot",39175,2004,10.071,1063.8,5.084
"Wyandot",39175,2005,10.378,1059.5,6.161
"Wyandot",39175,2006,11.083,1073.1,5.847
"Wyandot",39175,2007,10.77,1201,6.822
"Wyandot",39175,2008,9.857,1140.3,6.385
"Wyandot",39175,2009,9.66,873.5,5.79
"Wyandot",39175,2010,10.496,949.1,6.488
"Wyandot",39175,2011,10.644,1470.8,5.697
"Wyandot",39175,2012,11.786,914.9,7.264
"Wyandot",39175,2013,9.98,1194.1,5.528
"Wyandot",39175,2014,8.875,861,5.579
"Wyandot",39175,2015,10.329,1029.4,5.911
"Wyandot",39175,2016,11.562,856.6,6.635
"Wyandot",39175,2017,11.414,1161.7,6.097
"Wyandot",39175,2018,10.841,1137.1,5.604
"Wyandot",39175,2019,10.97,1140.5,6.088
"Wyandot",39175,2020,11.44,1016.9,6.312
"Wyandot",39175,2021,11.638,979.5,6.33
"Wyandot",39175,2022,10.749,917.7,6.494
"Wyandot",39175,2023,11.788,951.9,6.174
"Wyandot",39175,2024,12.43,935.5,6.821
